smiles,source,generator,graphdta_kd,graphdta_ki,graphdta_ic50,mltle_pKd,vina_score,boltz_affinity,boltz_confidence,drugban_affinity,moltrans_affinity,tankbind_affinity,unimol_similarity,MW,cLogP,tPSA,HBD,HBA,RotB,RingCount,AromaticRingCount,FractionCSP3,HeavyAtomCount,FormalCharge,MR,NumStereocenters,BertzCT,LabuteASA,QED,SAScore,meta_score,has_a_ring,is_secosteroidal,c2_modified,pentacyclic,has_o5ring,sidechain_cycle,n_rings,non_steroidal
CCN(CC)CCCNC(=O)c1ccc(C(CC)(CC)c2ccc(OCC(O)C(C)(C)C)c(C)c2)n1CC,G3,transmol-reinvent-gmdldr,6.318788528,6.497165203,6.987641335,7.996265411,-8.352,-0.631650388,0.919133365,-9.026272557,-7.15891619,7.9715471267700195,0.9406897,527.4086925559999,6.170020000000007,66.73000000000002,2.0,5.0,15.0,2.0,2.0,0.65625,38.0,0.0,158.34199999999973,1.0,1013.4424984276128,231.3153526854541,0.2719118238620395,3.53083709605861,0.7994184818089947,False,False,False,False,False,True,2,True
C=C1C(=CC=C2CCCC3(C)C2CCC3C(C)CCCC(C)(C)O)CC(O)C(C)C1O,G3,transmol-reinvent-gmdldr,8.085056305,8.400465965,7.68940258,9.661903381,-9.119,-2.577069283,0.93301785,-8.341628821,-7.088164144,7.969193458557129,0.9739107,430.3446953319999,5.950700000000008,60.69,3.0,3.0,6.0,3.0,0.0,0.7857142857142857,31.0,0.0,128.5854000000001,7.0,712.2594404805618,189.8890868159856,0.4877749252999072,4.677399729547286,0.7950145104384475,True,True,True,False,False,True,3,False
C=C1C(=CC=C2CCCC3(C)C2CCC3C(C)CC2OC(=O)C(=C)C2CCCC)CC(O)CC1O,G3,transmol-reinvent-gmdldr,7.492416859,8.327297211,7.798940182,9.753009796,-9.525,-2.04647541,0.93376255,-8.224224919,-6.997804314,7.660937309265137,0.96492124,482.33960995199993,6.441600000000008,66.76,2.0,4.0,7.0,4.0,0.0,0.7096774193548387,35.0,0.0,140.54159999999996,8.0,897.6592055675635,211.7693125508165,0.3235557102021788,4.997006863329423,0.7923735087182836,True,True,False,False,True,True,4,False
C=C1C(=CC=C2CCCC3(C)C2CCC3C(C)CC2OC(=O)C(=C)C2CCC)CC(O)C(C)C1O,G3,transmol-reinvent-gmdldr,7.945358753,7.930434704,7.760439873,9.558196068,-9.655,-2.141065598,0.930724561,-7.559271157,-6.760502491,7.727277755737305,0.96210843,482.33960995199993,6.297500000000008,66.76,2.0,4.0,6.0,4.0,0.0,0.7096774193548387,35.0,0.0,140.47159999999997,9.0,912.943918084165,211.7693125508165,0.3444543329858525,5.1563967550970204,0.7651136804284339,True,True,True,False,True,True,4,False
CCC(CC)(c1ccc(OCC(=O)C(C)(C)C)c(C)c1)c1ccc(C(=O)NCCC(=O)OC)n1C,G2,reinvent_transmol,5.119577885,5.356033802,5.029389858,6.017520905,-9.7,-1.664936543,0.917783082,-8.064026778,-6.965845576,7.486200332641602,0.9517779,484.29372238,4.726520000000004,86.63,1.0,6.0,11.0,2.0,2.0,0.5357142857142857,35.0,0.0,136.8772,0.0,1057.7853161630878,208.73810623506267,0.4662656818925343,2.9397651266191165,0.7792130624076344,False,False,False,False,False,True,2,True
C=C1C(=CC=C2CCCC3(C)C2CCC3C(C)CCCC(C)(C)O)CC(O)C(CCCO)C1O,G3,transmol-reinvent-gmdldr,7.030872822,8.628754616,7.724279404,9.618787766,-9.748,-2.509484291,0.923128724,-8.099149835,-7.439020115,7.846187591552734,0.9574146,474.3709100799999,5.7033000000000085,80.92,4.0,4.0,9.0,3.0,0.0,0.8,34.0,0.0,139.23120000000003,7.0,760.2572437299294,207.41320479697475,0.3453222867894547,4.75970866746397,0.788646650506901,True,True,True,False,False,True,3,False
CCn1c(C(=O)NCCO)ccc1C(CC)(CC)c1ccc(OCC(O)C(C)(C)C)c(C)c1,G3,transmol-reinvent-gmdldr,6.503826618,6.597239494,7.089356422,8.93108654,-9.934,-1.574789524,0.921580434,-8.50634215,-7.372273505,7.97812557220459,0.94519603,458.31445782399993,4.430420000000003,83.72000000000001,3.0,5.0,11.0,2.0,2.0,0.5925925925925926,33.0,0.0,133.02280000000002,1.0,922.687952436235,198.52504219546373,0.4651088945538651,3.4623427334307024,0.7676978017720875,False,False,False,False,False,True,2,True
C=C1C(=CC=C2CCCC3(C)C2CCC3C(C)CCCCCC)CC(O)CC1O,G2,gmdldr_reinvent,7.789126396,8.704262733,7.62425375,9.434100151,-10.0,-2.157224417,0.922507405,-7.732843318,-7.360300092,7.712109565734863,0.96163404,400.3341306479999,6.733900000000009,40.46,2.0,2.0,7.0,3.0,0.0,0.7777777777777778,29.0,0.0,122.64860000000007,6.0,630.4490547879986,178.72991094939294,0.4648728894157747,4.308747677780282,0.7738831405024053,True,True,False,False,False,True,3,False
CCC(CC)(c1ccc(OCC(O)C(C)(C)C)c(C)c1)c1ccc(C(=O)NCCC(=O)O)n1C,G3,transmol-reinvent-gmdldr,6.314901352,5.911782742,5.940359116,8.615617752,-10.088,-1.717928648,0.929611325,-8.835464089,-6.942565007,7.44854736328125,0.9527831,472.29372238,4.429920000000003,100.79,3.0,5.0,11.0,2.0,2.0,0.5555555555555556,34.0,0.0,133.49680000000006,1.0,998.9347620984696,202.6865642955074,0.4491603376729779,3.4074980264023926,0.7885240641547094,False,False,False,False,False,True,2,True
C=C1C(=CC=C2CCCC3(C)C2CCC3C(C)CC2OC(=O)C(=C)C2CCC)CC(O)CC1O,G3,transmol-reinvent-gmdldr,7.790313244,8.064002037,7.75839901,9.781510353,-10.232,-2.338964224,0.929002583,-8.055901024,-7.291446082,7.475039482116699,0.96934617,468.32395988799993,6.051500000000008,66.76,2.0,4.0,6.0,4.0,0.0,0.7,34.0,0.0,135.92460000000003,8.0,882.2362189419488,205.4043704364199,0.3677104599636014,5.022181686507581,0.7942011825901619,True,True,False,False,True,True,4,False
CCC(CC)(c1ccc(OCC(=O)O)c(C)c1)c1ccc(OCC(O)C(C)(C)C)c(C)c1,G2,reinvent_transmol,5.550145626,6.143841267,4.932366848,8.425255775,-10.3,-2.196834087,0.919641793,-8.519251662,-7.45882639,7.223862648010254,0.9523821,442.2719243159999,5.658740000000007,75.99000000000001,2.0,4.0,10.0,2.0,2.0,0.5185185185185185,32.0,0.0,127.80760000000008,1.0,922.12933058963,191.9397091049597,0.4965579614957616,3.0795571210076025,0.7772832580167055,False,False,False,False,False,True,2,True
C=C1C(=CC=C2CCCC3(C)C2CCC3C(C)C(C)(C)O)CC(O)CC1O,G2,gmdldr_reinvent,8.316912651,8.161810875,7.778336048,9.653635025,-10.3,-1.114530921,0.930210888,-9.138892689,-6.427987054,7.660213470458984,0.96925735,374.282095076,4.534400000000006,60.69,3.0,3.0,3.0,3.0,0.0,0.75,27.0,0.0,110.18740000000004,6.0,638.501951305067,164.4293183583991,0.6798144533663402,4.682801014081155,0.8051533454458952,True,True,False,False,False,True,3,False
CCN(CC)CCCNC(=O)c1ccc(C(CC)(CC)c2ccc(C#CC(O)(CC)CC)c(C)c2)n1CC,G2,reinvent_transmol,6.682682991,6.370316505,7.119640827,7.591911316,-10.4,-0.53723526,0.910668075,-8.931337506,-7.085179125,8.150491714477539,0.94550693,521.3981278719999,6.286820000000007,57.50000000000001,2.0,4.0,14.0,2.0,2.0,0.6060606060606061,38.0,0.0,159.7949999999997,0.0,1093.1734399462184,231.5659749622032,0.2269847456612573,3.37924129233061,0.7796968532495847,False,False,False,False,False,True,2,True
C=C1C(=CC=C2CCCC3(C)C2CCC3C(C)C(CCC)CCCC)CC(O)CC1O,G2,gmdldr_reinvent,8.313011169,8.427350044,7.626875877,9.514644623,-10.4,-1.660843015,0.927764535,-8.227377964,-6.760123018,7.550228118896484,0.9658649,428.3654307759999,7.37000000000001,40.46,2.0,2.0,8.0,3.0,0.0,0.7931034482758621,31.0,0.0,131.81260000000006,7.0,674.2244321980916,191.4597951781861,0.4234881382425384,4.648652093462442,0.7809141780844477,True,True,False,False,False,True,3,False
C=C1C(=CC=C2CCCC3(C)C2CCC3C(C)CCC(C)(C)O)CC(O)C(C)C1O,G2,gmdldr_reinvent,8.196698189,8.228028297,7.662236214,9.601915359,-10.6,-2.26284647,0.932764232,-7.656069499,-7.053080671,7.757908821105957,0.9713604,416.3290452679999,5.560600000000007,60.69,3.0,3.0,5.0,3.0,0.0,0.7777777777777778,30.0,0.0,123.96840000000007,7.0,697.3869642763739,183.5241447015889,0.5496725770774349,4.697933672846694,0.7740802598931908,True,True,True,False,False,True,3,False
C=C1C(O)CC(=CC=C2CCCC3(C)C2CCC3C(C)C(CCCC)CCC(C)(C)O)CC1O,G2,reinvent_transmol,8.546085358,7.466391087,6.438232422,9.404333115,-10.8,-1.942427516,0.933863103,-8.066510289,-6.850948844,8.254922866821289,0.9674713,472.391645524,7.12100000000001,60.69,3.0,3.0,9.0,3.0,0.0,0.8064516129032258,34.0,0.0,142.43639999999996,7.0,741.1289884740283,208.98391315917544,0.313043047745637,4.911376161260497,0.7616147583126129,True,True,False,False,False,True,3,False
C=C1C(=CC=C2CCCC3(C)C2CCC3C(C)CC2OC(=O)C(=C)C2CC)CC(O)CC1O,G3,transmol-reinvent-gmdldr,7.582694054,8.46077919,7.690443993,9.72573185,-10.943,-2.372001886,0.922946155,-7.730648929,-6.546003961,7.54652214050293,0.97486335,454.30830982399993,5.661400000000007,66.76,2.0,4.0,5.0,4.0,0.0,0.6896551724137931,33.0,0.0,131.30760000000006,8.0,866.8476480497944,199.0394283220233,0.415373300813555,4.999737774444286,0.7680728150859564,True,True,False,False,True,True,4,False
C=C1C(=CC=C2CCCC3(C)C2CCC3C(C)CC2OC(=O)C(=C)C2CCCC)CC(O)C(CCO)C1O,G2,reinvent_transmol,6.924612045,8.175344467,7.790418625,9.599554062,-11.2,-1.911892653,0.930792809,-8.666610601,-7.158966204,7.697628974914551,0.9529961,526.3658247,6.0501000000000085,86.99000000000001,3.0,5.0,9.0,4.0,0.0,0.7272727272727273,38.0,0.0,151.1173999999999,9.0,962.4317263646049,229.2934305318057,0.251475783540434,5.222492010842867,0.803170573060886,True,True,True,False,True,True,4,False
C=C1C(=CC=C2CCCC3(C)C2CCC3C(C)CCC(C)(C)O)C(O)CC1O,G2,gmdldr_reinvent,7.907497883,8.195908546,7.697176456,9.603404999,-11.2,-1.206358433,0.933456242,-7.686680547,-6.563130526,7.581145286560059,0.97215706,388.2977451399999,4.924500000000006,60.69,3.0,3.0,5.0,3.0,0.0,0.76,28.0,0.0,114.80440000000009,6.0,653.1943321815353,170.7942604727957,0.626042840724,4.75972446646378,0.7620061895567278,False,True,False,False,False,True,3,False
CCn1c(C(=O)NC(C(=O)O)C(C)C)ccc1C(CC)(CC)c1ccc(C#CC(O)(CC)CC)c(C)c1,G2,reinvent_transmol,7.057174683,6.358311653,6.996700764,8.503624916,-11.3,-1.559705853,0.932854474,-8.541671221,-7.165562204,8.230330467224121,0.95350593,508.330107888,5.664120000000006,91.56,3.0,4.0,11.0,2.0,2.0,0.5483870967741935,37.0,0.0,148.78479999999985,1.0,1157.6011680848696,222.0320129154464,0.3414376489285893,3.7968258896649294,0.7615392467106474,False,False,False,False,False,True,2,True
C=C1C(=CC=C2CCCC3(C)C2CCC3C(C)CCCCCC(C)(C)O)CC(O)CC1O,G2,gmdldr_reinvent,7.824206352,8.954460144,7.49669075,9.462109566,-11.3,-2.165242195,0.930794179,-7.719622849,-7.184496682,8.113748550415039,0.9722962,444.3603453959999,6.484900000000009,60.69,3.0,3.0,8.0,3.0,0.0,0.7931034482758621,32.0,0.0,133.27240000000006,6.0,712.403843817482,196.25402893038216,0.3752365613857059,4.484832979618474,0.766910988054189,True,True,False,False,False,True,3,False
C=C1C(=CC=C2CCCC3(C)C2CCC3C(C)CCCCO)CC(O)CC1O,G2,gmdldr_reinvent,7.077894688,8.679355621,7.405324936,9.617853165,-11.3,-1.65863657,0.934992135,-8.395533908,-7.428119752,7.410696029663086,0.9710216,388.2977451399999,4.926100000000006,60.69,3.0,3.0,6.0,3.0,0.0,0.76,28.0,0.0,114.82640000000006,6.0,619.2824958047364,170.7942604727957,0.5657027510348076,4.394788854504887,0.7863170202279748,True,True,False,False,False,True,3,False
C=C1C(O)CC(=CC=C2CCCC3(C)C2CCC3C(C)CCCC(O)(CC)CC)CC1O,G2,gmdldr_reinvent,7.599087715,8.069581985,6.945237637,9.174864769,-11.3,-2.170460463,0.928444386,-9.196092857,-6.851855132,8.306099891662598,0.9651773,444.360345396,6.4849000000000085,60.69,3.0,3.0,8.0,3.0,0.0,0.7931034482758621,32.0,0.0,133.27240000000006,6.0,699.9136188218089,196.25402893038216,0.3752365613857059,4.747099588010083,0.7660471472134431,True,True,False,False,False,True,3,False
C=C1C(=CC=C2CCCC3(C)C2CCC3C(C)CCCC(C)(C)O)CC(O)C(=C)C1O,G2,gmdldr_reinvent,8.289661407,7.85766983,7.569021225,9.645210266,-11.4,-2.268086672,0.929870725,-8.459087456,-7.424335183,8.13407039642334,0.96820736,428.3290452679999,5.870800000000008,60.69,3.0,3.0,6.0,3.0,0.0,0.7142857142857143,31.0,0.0,128.5614000000001,6.0,752.7094852978901,189.19948378380127,0.4636462287272037,4.8045432974682925,0.7942929061100518,True,True,False,False,False,True,3,False
C=C1C(=CC=C2CCCC3(C)C2CCC3C(C)CCCC(C)CC)CC(O)CC1O,G2,gmdldr_reinvent,8.530964851,8.939630508,7.574224472,9.428231239,-11.4,-2.375391006,0.925942421,-7.504982267,-7.308094637,7.491338729858398,0.96933377,414.3497807119999,6.9799000000000095,40.46,2.0,2.0,7.0,3.0,0.0,0.7857142857142857,30.0,0.0,127.19560000000008,7.0,659.5502416654234,185.0948530637896,0.4715641924999232,4.525604932243254,0.77654331287907,True,True,False,False,False,True,3,False
C=C1C(O)CC(=CC=C2CCCC3(C)C2CCC3C(C)CCC(O)C(C)(C)O)CC1O,G2,gmdldr_reinvent,8.369978905,7.313835144,7.551535606,9.780267715,-11.4,-2.306513786,0.923167646,-8.441590173,-6.998100694,8.0391263961792,0.976537,432.32395988799993,4.675500000000006,80.92,4.0,4.0,6.0,3.0,0.0,0.7777777777777778,31.0,0.0,125.42820000000007,7.0,699.2383032419245,188.31837845378493,0.4596853770541843,4.817473355920913,0.7829995293412388,True,True,False,False,False,True,3,False
C=C1C(=CC=C2CCCC3(C)C2CCC3C(C)CC)CC(O)C(=CCCO)C1O,G2,reinvent_transmol,7.170865536,7.821995735,7.654491425,9.85544014,-11.5,-2.030191422,0.929356217,-7.591021451,-7.314210853,7.393733978271484,0.9508391,400.2977451399999,5.092200000000007,60.69,3.0,3.0,5.0,3.0,0.0,0.6923076923076923,29.0,0.0,119.34940000000007,6.0,700.74200015789,176.46959955500805,0.5632628574481227,4.899413169233274,0.7710739849987196,True,True,False,False,False,True,3,False
C=C1C(=CC=C2CCCC3(C)C2CCC3C(C)C(CC)CCC(C)(C)O)CC(O)CC1O,G2,gmdldr_transmol,8.636537552,8.610342979,7.39586544,9.65712738,-11.6,-2.410215378,0.929768384,-8.031039957,-7.13923727,7.964920997619629,0.9661081,444.3603453959999,6.340800000000009,60.69,3.0,3.0,7.0,3.0,0.0,0.7931034482758621,32.0,0.0,133.20240000000007,7.0,727.1742311227822,196.25402893038213,0.4291869803140705,4.826017374252156,0.7767250223711188,True,True,False,False,False,True,3,False
C=C1C(=CC=C2CCCC3(C)C2CCC3C(C)CC2OC(=O)C(=C)C2CCCC)CC(O)C(CCCO)C1O,G2,reinvent_transmol,6.932056427,8.242431641,7.808135986,9.497692108,-11.6,-2.158148527,0.917678475,-7.903471606,-6.700275371,7.683878898620605,0.9506229,540.3814747639999,6.440200000000009,86.99000000000001,3.0,5.0,10.0,4.0,0.0,0.7352941176470589,39.0,0.0,155.73439999999982,9.0,978.0700556011902,235.6583726462024,0.2192477575164509,5.204875570877158,0.7716697019142649,True,True,True,False,True,True,4,False
C=C1C(=CC=C2CCCC3(C)C2CCC3C(C)C(C)CCC(C)(C)O)CC(O)CC1O,G3,transmol-reinvent-gmdldr,8.143127441,8.313210487,7.412490845,9.693034172,-11.6,-2.286788464,0.933293045,-7.928593599,-7.172468281,7.977458953857422,0.97288585,430.3446953319999,5.950700000000008,60.69,3.0,3.0,6.0,3.0,0.0,0.7857142857142857,31.0,0.0,128.58540000000008,7.0,712.2594404805618,189.8890868159855,0.487774925299907,4.771413465811022,0.7714487511796516,True,True,False,False,False,True,3,False
C=C1C(O)CC(=CC=C2CCCC3(C)C2CCC3C(C)CCCC(C)(C)O)C1O,G2,gmdldr_reinvent,8.189970016,7.191864014,7.544669151,9.700202942,-11.7,-2.182883263,0.925981522,-7.975430692,-7.147523213,7.939891815185547,0.9745394,402.313395204,5.314600000000007,60.69,3.0,3.0,6.0,3.0,0.0,0.7692307692307693,29.0,0.0,119.42140000000008,6.0,667.9311491153388,177.1592025871923,0.5273710550138061,4.74205480750007,0.7708110276963862,False,True,False,False,False,True,3,False
C=C1C(=CC=C2CCCC3(C)C2CCC3C(C)CC2OC(=O)C(=C)C2CC)CC(O)C(CCCO)C1O,G2,gmdldr_transmol,6.941766739,8.32690239,7.600649834,9.579117775,-11.8,-2.28677702,0.930584908,-8.694416351,-6.502789102,7.551204681396484,0.9622995,512.3501746359999,5.660000000000007,86.99000000000001,3.0,5.0,8.0,4.0,0.0,0.71875,37.0,0.0,146.50039999999993,9.0,946.8251160972588,222.9284884174091,0.288550191924194,5.199811424257705,0.7895109605606727,True,True,True,False,True,True,4,False
C=C1C(=CC=C2CCCC3(C)C2CCC3C(C)CC2OC(=O)C(=C)C2CCC)CC(O)C(OCCCO)C1O,G2,gmdldr_transmol,6.8675313,8.176403999,7.758981705,9.486702919,-11.8,-1.755480289,0.921491742,-8.395423233,-7.314672928,7.472687721252441,0.9643333,542.3607393199999,5.429000000000007,96.22,3.0,6.0,10.0,4.0,0.0,0.7272727272727273,39.0,0.0,152.75039999999984,9.0,980.6786517349826,234.40697576131265,0.1935827755186265,5.2791819811335685,0.7945038758647848,True,True,True,False,True,True,4,False
C=C1C(=CC=C2CCCC3(C)C2CCC3C(C)CC2CC(C)(O)C(=O)N2C)CC(O)CC1O,G2,reinvent_transmol,6.920286179,8.968984604,7.592292786,9.819128036,-11.8,-1.718780875,0.923018396,-8.367965471,-6.942255199,7.436482429504394,0.9710766,457.31920885599993,4.135300000000004,81.0,3.0,4.0,4.0,4.0,0.0,0.75,33.0,0.0,130.30540000000008,8.0,857.9586904935115,198.80461143270344,0.5927991209799627,5.073804520006416,0.7855962084263008,True,True,False,False,False,True,4,False
C=C1C(=CC=C2CCCC3(C)C2CCC3C(C)CCCC(O)(CC)CC)CC(O)CC1O,G2,gmdldr_reinvent,7.397880554,8.827950478,7.420516014,9.264434814,-11.8,-2.640629768,0.923392713,-8.323527925,-6.732532719,8.191946029663086,0.97293377,444.3603453959999,6.484900000000009,60.69,3.0,3.0,8.0,3.0,0.0,0.7931034482758621,32.0,0.0,133.27240000000006,6.0,715.9136188218088,196.25402893038216,0.4011250260269419,4.629512699898195,0.770562509158133,True,True,False,False,False,True,3,False
C=C1C(O)CC(=CC=C2CCCC3(C)C2CCC3C(C)CCC(O)(CC)CC)CC1O,G3,transmol-reinvent-gmdldr,7.630196571,8.005805969,6.96754694,9.118094444,-11.8,-2.2698946,0.92255336,-8.042739839,-6.937496752,8.218972206115723,0.9747232,430.344695332,6.094800000000007,60.69,3.0,3.0,7.0,3.0,0.0,0.7857142857142857,31.0,0.0,128.65540000000007,6.0,685.046131775239,189.8890868159856,0.4280162544006782,4.775451035024853,0.8109956376380361,True,True,False,False,False,True,3,False
C=C1C(=CC=C2CCCC3(C)C2CCC3C(C)CCCC(C)(C)O)CC(O)C(CCC)C1O,G2,gmdldr_transmol,8.572694778,8.236970901,7.325033188,9.766239166,-11.9,-2.567162037,0.929548264,-7.861588117,-7.184236877,7.974325180053711,0.966751,458.3759954599999,6.73090000000001,60.69,3.0,3.0,8.0,3.0,0.0,0.8,33.0,0.0,137.8194,7.0,742.1308959250727,202.6189710447788,0.3777332003659372,4.7404733350792725,0.7683627961955812,True,True,True,False,False,True,3,False
C=C1C(=CC=C2CCCC3(C)C2CCC3C(C)CC2OC(=O)C(=C)C2CC(C)C)CC(O)C(C)C1O,G2,reinvent_transmol,7.313024044,7.913043022,7.406159401,9.62771225,-12.3,-2.359752178,0.922245681,-8.662664947,-7.000396281,7.837203025817871,0.9723413,496.35526001599993,6.543500000000009,66.76,2.0,4.0,6.0,4.0,0.0,0.71875,36.0,0.0,145.01859999999994,9.0,941.802282095348,218.13425466521312,0.3234539449583857,5.174586622807102,0.7824429011732965,True,True,True,False,True,True,4,False
C=C1C(O)CC(=CC=C2CCCC3(C)C2CCC3C(C)CC(O)C(C)(C)O)CC1O,G2,gmdldr_reinvent,8.40735817,7.64669466,7.562771797,9.749459267,-12.3,-1.677074909,0.923989236,-8.365870874,-6.674638387,7.926017761230469,0.97139496,418.30830982399993,4.2854000000000045,80.92,4.0,4.0,5.0,3.0,0.0,0.7692307692307693,30.0,0.0,120.81120000000008,7.0,684.3123816652825,181.9534363393883,0.5023392253812897,4.871014014727035,0.7757922847809291,True,True,False,False,False,True,3,False
C=C1C(O)CC(=CC=C2CCCC3(C)C2CCC3C(C)CCCC(C)(C)O)CC1O,G3,transmol-reinvent-gmdldr,8.254491806,7.892803192,6.690889835,9.556805611,-12.3,-2.48519516,0.933672369,-7.883960696,-7.63789198,8.01111125946045,0.9707231,416.329045268,5.704700000000007,60.69,3.0,3.0,6.0,3.0,0.0,0.7777777777777778,30.0,0.0,124.03840000000008,6.0,666.7119726280487,183.5241447015889,0.4864318148543215,4.6422482419887015,0.7774298719750036,True,True,False,False,False,True,3,False
C=C1C(=CC=C2CCCC3(C)C2CCC3C(C)CC2OC(=O)C(=C)C2CCCC)CC(O)C(C)C1O,G2,reinvent_transmol,7.561495781,8.088237762,7.778529644,9.549173355,-12.7,-2.14217782,0.916389644,-8.755760738,-7.197756663,7.874966621398926,0.96242404,496.35526001599993,6.687600000000009,66.76,2.0,4.0,7.0,4.0,0.0,0.71875,36.0,0.0,145.08859999999993,9.0,928.4401036263048,218.13425466521312,0.3044177273301757,5.131390675896869,0.8061947374398352,True,True,True,False,True,True,4,False
C=C1C(=CC=C2CCCC3(C)C2CCC3C(C)CCCCC(C)(C)O)CC(O)C(O)C1O,G2,gmdldr_reinvent,7.618841648,8.356406212,7.339120865,9.167022705,-12.7,-2.62142849,0.922705173,-7.984258795,-7.107516298,8.005334854125977,0.9683975,446.3396099519999,5.065600000000008,80.92,4.0,4.0,7.0,3.0,0.0,0.7857142857142857,32.0,0.0,130.04520000000008,7.0,730.2046296660324,194.6833205681816,0.4118818964545758,4.701499071864888,0.7635199275346237,True,True,False,False,False,True,3,False
C=C1C(=CC=C2CCCC3(C)C2CCC3C(C)CC2OC(=O)C(=C)C2CC)CC(O)C(C)C1O,G2,gmdldr_transmol,7.767847538,8.418872833,7.571693897,9.551918983,-13.3,-2.391925335,0.923731446,-7.316124323,-7.074933231,7.64105224609375,0.9575739,468.32395988799993,5.907400000000007,66.76,2.0,4.0,5.0,4.0,0.0,0.7,34.0,0.0,135.85460000000003,9.0,897.4814043307388,205.4043704364199,0.3889265974640102,5.134808883986292,0.761093976280556,True,True,True,False,True,True,4,False
C=C1C(O)CC(=CC=C2CCCC3(C)C2CCC3C(C)CC2OC(=O)C(=C)C2CC)CC1O,G2,gmdldr_reinvent,8.205044746,8.542333603,7.321166992,9.495731354,-13.3,-2.179706335,0.923602283,-8.622179897,-6.870214906,7.738063812255859,0.9744544,454.30830982399993,5.661400000000006,66.76,2.0,4.0,5.0,4.0,0.0,0.6896551724137931,33.0,0.0,131.30760000000006,8.0,850.8476480497944,199.0394283220233,0.319453632147387,5.113448171739298,0.7840515045042286,True,True,False,False,True,True,4,False
C=C(COCC(C)C1CCC2C(=CC=C3CC(O)CC(O)C3=C)CCCC21C)C1=CCCCC1(C)C,G1,transmol,7.7753951549530065,9.158567810058605,6.726446270942688,8.78766441345215,-13.3,-2.13701772689819,0.917278945446014,-8.279875,-7.844127,8.079141616821289,0.4216867469879518,494.37599546,7.472800000000011,49.69,2.0,3.0,7.0,4.0,0.0,0.696969696969697,36.0,0.0,149.5635999999998,6.0,934.5823886543554,219.64807164738176,0.3857697610971404,4.998212703329196,0.7620857121861782,True,True,False,False,False,True,4,False
C=C1C(=CC=C(CCC)c2cccc(CCCCCC(C)(C)O)c2)CC(O)CC1O,G1,transmol,8.062106788158417,9.063476991653449,6.4186601638793945,9.11246109008789,-10.9,-2.35958385467529,0.921035706996918,-7.646494,-7.54015,7.490140914916992,0.2298850574712643,412.2977451399999,5.742100000000009,60.69,3.0,3.0,10.0,2.0,1.0,0.5555555555555556,30.0,0.0,126.26740000000008,2.0,751.6168379083396,182.4032485283318,0.4293471522769241,3.746556845111847,0.7637110150037798,True,True,False,False,False,True,2,False
C=C1C(=CC=C2CCC(CCCCCCC(C)(C)O)C3(C)C2CCC3C(C)CCCO)CC(O)CC1O,G1,transmol,7.4960723519325265,9.126793241500852,6.889046967029572,9.07971858978272,-11.3,-0.683204531669617,0.920517385005951,-8.073843,-7.681799,8.484889030456543,0.4743589743589743,516.417860272,6.87360000000001,80.92,4.0,4.0,12.0,3.0,0.0,0.8181818181818182,37.0,0.0,153.08219999999986,7.0,805.630945106457,226.50803114016463,0.2133155252687807,4.874079008056507,0.8058611214602243,True,True,False,False,False,True,3,False
C=C1C(=CC=C2CCCC3(C)C(=C=CCCCC(C)(C)O)CCC23)CC(O)CC1O,G1,transmol,7.953774690628051,9.07627425193787,6.817444920539856,8.92216682434082,-10.9,-1.98732566833496,0.929396092891693,-8.460198,-7.595236,8.049389839172363,0.4102564102564102,412.29774514,5.533900000000008,60.69,3.0,3.0,5.0,3.0,0.0,0.6666666666666666,30.0,0.0,122.98040000000006,4.0,772.4201165586672,182.14493863722043,0.4106721170287478,4.882060674515773,0.767114166371051,True,True,False,False,False,True,3,False
C=C1C(=CC=C2CCCC3(C)C(C#CC#CC(C)(C)O)CCC23)CC(O)CC1O,G1,transmol,8.37086671590805,9.055289268493649,6.990970909595491,9.1292839050293,-10.9,-1.90401148796082,0.926608204841614,-8.356566,-7.697877,7.281442642211914,0.4133333333333333,394.250794948,3.905100000000003,60.69,3.0,3.0,1.0,3.0,0.0,0.6153846153846154,29.0,0.0,116.57540000000004,5.0,833.1401196372248,175.15765337091082,0.5912128463674872,4.968982422052424,0.7970495658244566,True,True,False,False,False,True,3,False
C=C1C(=CC=C2CCCC3(C)C2CCC3C(C)(C)CC)CC(O)C(=CCCO)C1O,G1,transmol,7.718728303909302,9.002229690551758,6.75212162733078,9.24368190765381,-12.3,-2.18719911575317,0.923217415809631,-7.666954,-7.732923,7.459166526794434,0.3625,414.3133952039999,5.482300000000008,60.69,3.0,3.0,5.0,3.0,0.0,0.7037037037037037,30.0,0.0,123.96640000000008,5.0,741.2071381686682,182.83454166940464,0.5219326216564273,4.971271073607101,0.7945462786722535,True,True,False,False,False,True,3,False
C=C1C(=CC=C2CCCC3(C)C2CCC3C(C)C(CCCC)CC(O)C(C)C)CC(O)CC1O,G1,transmol,8.782308220863344,8.837437486648554,7.113091588020327,9.3079776763916,-11.6,-2.0471932888031,0.920385479927063,-8.164044,-7.798357,7.731054306030273,0.4430379746835443,472.3916455239999,6.97690000000001,60.69,3.0,3.0,9.0,3.0,0.0,0.8064516129032258,34.0,0.0,142.36639999999997,8.0,749.7760338393447,208.9839131591754,0.3392208092193447,4.85109305338367,0.7673428792740071,True,True,False,False,False,True,3,False
C=C1C(=CC=C2CCCC3(C)C2CCC3C(C)C(CCCC)CCC(C)(C)O)CC(O)CC1O,G1,transmol,8.966147780418396,8.96367249488831,7.276395738124847,9.56199836730957,-10.3,-1.97279095649719,0.924979627132416,-8.168112,-7.645263,7.899734497070312,0.5540540540540541,472.3916455239999,7.121000000000011,60.69,3.0,3.0,9.0,3.0,0.0,0.8064516129032258,34.0,0.0,142.4364,7.0,757.1289884740283,208.9839131591754,0.3346406336600258,4.800111148853549,0.7650825173742954,True,True,False,False,False,True,3,False
C=C1C(=CC=C2CCCC3(C)C2CCC3C(C)C(CCO)CCCC)CC(O)CC1O,G1,transmol,8.05747127532959,8.950017070770254,7.110429942607881,9.52445983886719,-10.1,-1.5838497877121,0.927799165248871,-8.185612,-7.994013,7.39179801940918,0.4605263157894737,430.344695332,5.952300000000008,60.69,3.0,3.0,8.0,3.0,0.0,0.7857142857142857,31.0,0.0,128.6074000000001,7.0,677.7450557370148,189.8890868159856,0.4456340141339628,4.705278032639543,0.7782793628707715,True,True,False,False,False,True,3,False
C=C1C(=CC=C2CCCC3(C)C2CCC3C(C)C=CC(O)C2(C(=O)OCCCC)CC2)CC(O)CC1O,G1,transmol,8.455619037151338,9.470322990417484,7.066356599330902,9.33287620544434,-11.6,-2.43928050994873,0.920459747314453,-8.519626,-7.871692,7.688116073608398,0.3953488372093023,512.3501746359999,5.804100000000008,86.99000000000001,3.0,5.0,9.0,4.0,0.0,0.71875,37.0,0.0,146.5703999999999,7.0,940.8251160972592,222.9284884174092,0.2063412387131705,4.934926066880035,0.7679629301078837,True,True,False,False,False,True,4,False
C=C1C(=CC=C2CCCC3(C)C2CCC3C(C)CC2OC(=O)C(=C)C2CCC)CC(O)C(CCCO)C1O,G1,transmol,7.3150585889816275,9.105870342254637,6.9849665760993975,9.53510093688965,-12.6,-1.87769770622253,0.921313226222992,-8.738574,-8.071948,7.570391654968262,0.3820224719101123,526.3658247,6.0501000000000085,86.99000000000001,3.0,5.0,9.0,4.0,0.0,0.7272727272727273,38.0,0.0,151.11739999999986,9.0,962.4317263646049,229.2934305318057,0.251475783540434,5.223747395458252,0.7648048035631856,True,True,True,False,True,True,4,False
C=C1C(=CC=C2CCCC3(C)C2CCC3C(C)CCCC(C)(C)O)CC(O)C(CCn2nccn2)C1O,G1,transmol,7.745224058628083,9.109889364242552,6.542615056037904,8.89672756195068,-10.6,-2.29135227203369,0.930969655513763,-7.979521,-7.867436,7.637076377868652,0.5641025641025641,511.377392428,5.612600000000008,91.4,3.0,6.0,9.0,4.0,1.0,0.7419354838709677,37.0,0.0,147.5503999999999,7.0,976.3210527924174,223.10645814275824,0.4006602595526109,5.004654327654098,0.8043643319704987,True,True,True,False,False,True,4,False
C=C1C(=CC=C2CCCC3(C)C2CCC3C(C)CCCC(C)(C)O)CC(O)C(CCn2ncnn2)C1O,G1,transmol,7.589871883392335,9.117072868347176,6.539515256881713,8.44312381744385,-11.5,-2.65471148490906,0.917759716510773,-8.836776,-7.781035,7.517452239990234,0.5365853658536586,512.3726413960001,5.007600000000006,104.29,3.0,7.0,9.0,4.0,1.0,0.7666666666666667,37.0,0.0,145.34539999999996,7.0,979.4493080483184,222.29455969210952,0.4297561822064296,5.060579346324747,0.7904199314423414,True,True,True,False,False,True,4,False
C=C1C(=CC=C2CCCC3(C)C2CCC3C(C)CCCC(C)(C)O)CC(O)C(OCCC)C1O,G1,transmol,8.558139264583591,8.991897678375238,7.036713123321533,9.83139228820801,-10.6,-2.40443420410156,0.924501359462738,-8.584628,-7.607809,7.729230880737305,0.6111111111111112,474.3709100799999,6.109800000000009,69.92,3.0,4.0,9.0,3.0,0.0,0.8,34.0,0.0,139.45239999999998,7.0,760.2572437299294,207.73251627428564,0.3770099684140109,4.790552836198462,0.7707876011624355,True,True,True,False,False,True,3,False
C=C1C(=CC=C2CCCC3(C)C2CCC3C(C)CCCC(C)(C)O)CC(O)C2=CCOC12,G1,transmol,8.05817860364914,9.144049644470211,6.802622377872469,9.53144073486328,-11.9,-2.15164589881897,0.922537744045258,-8.1706,-7.490262,7.83976936340332,0.6027397260273972,440.3290452679999,6.278900000000008,49.69,2.0,3.0,6.0,4.0,0.0,0.7241379310344828,32.0,0.0,131.23760000000004,6.0,810.748835044856,194.8779062219796,0.4779994071140548,4.93928158691006,0.7943197503095685,True,True,False,False,True,True,4,False
C=C1C(=CC=C2CCCC3(C)C2CCC3C(C)CCCC(C)(C)O)CC2OCC=C2C1O,G1,transmol,7.905956029891969,9.06824145317077,6.997474431991577,9.60680961608887,-12.4,-2.08119249343872,0.923492431640625,-8.249457,-7.763208,7.873517990112305,0.6027397260273972,440.3290452679999,6.278900000000008,49.69,2.0,3.0,6.0,4.0,0.0,0.7241379310344828,32.0,0.0,131.23760000000007,6.0,810.748835044856,194.8779062219796,0.4779994071140548,4.925986167722506,0.7871867940485844,True,True,False,False,True,True,4,False
C=C1C(=CC=C2CCCC3(C)C2CCC3C(C)CCCC(O)c2nccs2)CC(O)CC1O,G1,transmol,7.714478015899658,9.164104413986202,6.764465510845184,9.37657737731934,-12.7,-2.24274468421936,0.927829265594482,-8.452243,-7.644758,7.784146308898926,0.4936708860759494,471.280715172,6.123900000000009,73.58000000000001,3.0,5.0,7.0,4.0,1.0,0.6785714285714286,33.0,0.0,134.81440000000003,7.0,875.713500283922,202.7113659302177,0.4475520693512538,4.715805841282746,0.8064726129703261,True,True,False,False,False,True,4,False
C=C1C(=CC=C2CCCC3(C)C2CCC3C(C)COCC#CC(C)(C)C)CC(O)CC1O,G1,transmol,6.896138370037081,8.93099946975708,6.771525979042055,7.8156852722168,-11.7,-2.72677779197693,0.918723702430725,-7.666107,-7.695053,7.8254852294921875,0.4933333333333333,440.329045268,5.829600000000007,49.69,2.0,3.0,5.0,3.0,0.0,0.7241379310344828,32.0,0.0,131.93960000000007,6.0,802.4841725383657,195.5725657995524,0.4176499469421582,4.789652909688405,0.7733132447756561,True,True,False,False,False,True,3,False
C=C1C(=CC=C2CCCC3(C)C2CCC3C(C)COCC(=C)C(C)(C)C)CC(O)CC1O,G1,transmol,7.731487035751343,8.895771455764779,6.521745800971985,8.43360900878906,-11.7,-2.77264356613159,0.920758843421936,-7.960064,-7.501268,8.012989044189453,0.5,442.344695332,6.3824000000000085,49.69,2.0,3.0,6.0,3.0,0.0,0.7241379310344828,32.0,0.0,133.30360000000007,6.0,767.7617043285089,195.8837373755088,0.4691159153397414,4.781658763317534,0.7711565148146746,True,True,False,False,False,True,3,False
C=C1C(=CC=C2CCCC3(C)C2CCC3C(C)COCc2ccccc2)CC(O)CC1O,G1,transmol,8.393834471702576,9.25570521354676,6.364499032497406,9.56502342224121,-13.0,-1.93933880329132,0.924573361873627,-8.109107,-7.855533,7.223313331604004,0.4545454545454545,436.29774514,5.980300000000009,49.69,2.0,3.0,6.0,4.0,1.0,0.5862068965517241,32.0,0.0,129.98760000000007,6.0,854.4127669688406,193.44078192737737,0.5766100997614457,4.272556830767326,0.777924649887865,True,True,False,False,False,True,4,False
C=C1C(=CC=C2CCCC3(C)C2CCC3C(C)OCCC(C)(C)O)CC(O)CC1O,G1,transmol,8.218400299549103,8.881326484680175,6.768274068832396,9.58311462402344,-11.5,-2.20359301567078,0.925378739833832,-8.554101,-8.254843,7.563336372375488,0.5714285714285714,418.30830982399993,4.6935000000000064,69.92,3.0,4.0,6.0,3.0,0.0,0.7692307692307693,30.0,0.0,121.05440000000009,6.0,685.6373900169573,182.2727478166992,0.5850272499974163,4.671504151932416,0.7636750945487814,True,True,False,False,False,True,3,False
C=C1C(=CC=C2CCCC3(C)C2CCC3C(C)c2ccc(C(C)(C)O)o2)CC(O)CC1O,G1,transmol,8.961832523345947,9.1896532535553,6.807893097400666,9.40163993835449,-14.3,-2.38564443588257,0.931385219097137,-8.969303,-7.437705,7.870450019836426,0.4675324675324675,440.2926597599999,5.75150000000001,73.83000000000001,3.0,4.0,4.0,4.0,1.0,0.6428571428571429,32.0,0.0,127.09340000000007,6.0,914.1070336205104,192.28074182854,0.5571262491264531,4.83426112647162,0.7957494438463604,True,True,False,False,False,True,4,False
C=C1C(=CC=C2CCCC3(C)C2CCC3C2(C)CC(CC(C)(C)O)CO2)CC(O)CC1O,G1,transmol,8.24787163734436,9.20425782203674,6.805270731449129,9.5733003616333,-12.2,-2.58264541625977,0.928212463855743,-8.086588,-7.722322,7.822851181030273,0.4050632911392405,444.3239598879999,5.083600000000007,69.92,3.0,4.0,4.0,4.0,0.0,0.7857142857142857,32.0,0.0,128.10440000000008,7.0,789.7443109333759,193.9968008919632,0.5652566420221522,4.973372353755411,0.794022446887422,True,True,False,False,True,True,4,False
C=C1C(O)CC(=CC=C2CCCC3(C)C2CCC3C(C)C(CC)CCC(C)(C)O)CC1O,G1,transmol,8.849864244461058,8.918959617614735,6.869688034057619,9.55337142944336,-11.7,-2.39034199714661,0.929705798625946,-7.925264,-7.714257,8.244384765625,0.6029411764705882,444.360345396,6.340800000000008,60.69,3.0,3.0,7.0,3.0,0.0,0.7931034482758621,32.0,0.0,133.20240000000007,7.0,711.1742311227822,196.2540289303822,0.4014874072547886,4.944955835790617,0.7745812925807035,True,True,False,False,False,True,3,False
C=C1C(O)CC(=CC=C2CCCC3(C)C2CCC3C(C)C(CC)CCO)CC1O,G1,transmol,7.764432728290559,8.622201395034795,6.7608667612075815,9.44417667388916,-10.8,-1.53267049789429,0.933138072490692,-8.288142,-7.36677,7.617619514465332,0.5,402.313395204,5.172100000000007,60.69,3.0,3.0,6.0,3.0,0.0,0.7692307692307693,29.0,0.0,119.37340000000007,7.0,632.3388799553192,177.15920258719234,0.5370594362850184,4.869594711202378,0.7702213952154275,True,True,False,False,False,True,3,False
C=C1C(O)CC(=CC=C2CCCC3(C)C2CCC3C(C)C(CCCC)CCC(=O)c2ccc[nH]2)CC1O,G1,transmol,8.054968953132626,8.982820749282846,6.406203627586363,9.3838062286377,-11.5,-1.82182395458221,0.921513020992279,-7.351439,-8.031037,8.201375007629395,0.4352941176470588,507.371244428,7.5611000000000095,73.32,3.0,3.0,10.0,4.0,1.0,0.6666666666666666,37.0,0.0,151.26179999999982,7.0,973.2164652256902,223.88757190530825,0.2259017883555608,4.95104373134227,0.7791939396822591,True,True,False,False,False,True,4,False
C=C1C(O)CC(=CC=C2CCCC3(C)C2CCC3C(C)C(CCO)CCCC)CC1O,G1,transmol,7.762018263339998,8.784298610687257,6.785215497016907,9.40303897857666,-11.1,-1.81551206111908,0.92132568359375,-8.056862,-7.704339,7.965021133422852,0.5,430.344695332,5.952300000000007,60.69,3.0,3.0,8.0,3.0,0.0,0.7857142857142857,31.0,0.0,128.60740000000007,7.0,661.7450557370149,189.8890868159856,0.4168729554383525,4.825599499544731,0.7683967295355905,True,True,False,False,False,True,3,False
C=C1C(O)CC(=CC=C2CCCC3(C)C2CCC3C(C)C=CCC(O)C23CC4CC(CC(C4)C2)C3)CC1O,G1,transmol,8.499338388442993,9.27761216163635,6.159759819507599,9.5568790435791,-14.8,-1.83793663978577,0.916641354560852,-8.092948,-7.704688,8.429971694946289,0.4605263157894737,520.391645524,7.2871000000000095,60.69,3.0,3.0,6.0,7.0,0.0,0.7714285714285715,38.0,0.0,154.25839999999982,7.0,951.3657350824524,230.73658512398984,0.3223911276805661,6.118569031802464,0.7743196778935302,True,True,False,True,False,True,7,False
C=C1C(O)CC(=CC=C2CCCC3(C)C2CCC3C(C)CCC(=O)C=CC)CC1O,G1,transmol,8.600498437881472,8.630452156066891,6.225690543651583,9.50794124603272,-11.5,-2.3156566619873,0.921022355556488,-8.692565,-7.810196,7.514002799987793,0.5428571428571428,412.29774514,5.688900000000007,57.53,2.0,3.0,6.0,3.0,0.0,0.6666666666666666,30.0,0.0,122.94460000000008,6.0,727.2071381686682,182.20183001725243,0.4351949790950156,4.735990874055428,0.769657184881475,True,True,False,False,False,True,3,False
C=C1C(O)CC(=CC=C2CCCC3(C)C2CCC3C(C)CCCC(O)(Cc2ccccc2)Cc2ccccc2)CC1O,G1,transmol,7.955779075622558,9.117270326614388,6.148650586605072,9.48439979553223,-13.5,-1.33017265796661,0.899909138679504,-7.983608,-7.582216,8.894597053527832,0.6056338028169014,568.391645524,8.150300000000009,60.69,3.0,3.0,10.0,5.0,2.0,0.5384615384615384,42.0,0.0,172.9823999999995,6.0,1187.4058848553084,253.6383331137169,0.2535395214934098,4.598987329262535,0.7763176285873737,True,True,False,True,False,True,5,False
C=C1C(O)CC(=CC=C2CCCC3(C)C2CCC3C(C)CCCC(OC)c2ccc(O)cc2)CC1O,G1,transmol,8.307356536388397,8.668047666549683,6.166704416275026,9.79453849792481,-12.0,-1.95037472248077,0.932579219341278,-8.343074,-7.886971,8.460285186767578,0.5333333333333333,494.33960995199993,7.02710000000001,69.92,3.0,4.0,8.0,4.0,1.0,0.625,36.0,0.0,145.59739999999988,7.0,944.8726347974994,217.3298420227632,0.3394585482277793,4.684888713691294,0.7708708405671192,True,True,False,False,False,True,4,False
C=C1C(O)CC(=CC=C2CCCC3(C)C2CCC3C(C)OCC(C)C(C)(C)O)CC1O,G1,transmol,8.387565910816193,8.71373143196106,6.456117808818818,9.398681640625,-11.0,-2.22810339927673,0.92903059720993,-8.435871,-8.245414,7.930212020874023,0.5285714285714286,432.32395988799993,4.939500000000006,69.92,3.0,4.0,6.0,3.0,0.0,0.7777777777777778,31.0,0.0,125.60140000000008,7.0,699.2383032419245,188.63768993109585,0.5200950678301202,5.016173905371463,0.7771614964294845,True,True,False,False,False,True,3,False
C=C1C(O)CC(=CC=C2CCCC3C2CCC3C(C)CCCC(C)(C)O)CC1O,G1,transmol,7.083583891391755,8.509288215637202,6.211367070674899,9.24051284790039,-11.4,-2.25723838806152,0.918340802192688,-7.80728,-7.512863,7.87730598449707,0.4782608695652174,402.313395204,5.314600000000007,60.69,3.0,3.0,6.0,3.0,0.0,0.7692307692307693,29.0,0.0,119.42140000000008,6.0,622.8291049509922,177.1592025871923,0.5273710550138061,4.77054874615635,0.8058761743487521,True,True,False,False,False,True,3,False
C=C1C(O)CC(=CC=CCC(C)=CC(C)CCCC(C)(C)O)CC1O,G1,transmol,6.39733439683914,8.36832413673401,5.09311282634735,8.45493030548096,-9.6,-0.202872842550278,0.921777069568634,-7.740038,-7.200926,7.780588150024414,0.3150684931506849,348.266445012,4.454500000000006,60.69,3.0,3.0,8.0,1.0,0.0,0.6363636363636364,25.0,0.0,105.29740000000004,3.0,503.8806466970883,153.02149340448008,0.5678045917199908,4.5626215571198365,0.7704544186816354,True,True,False,False,False,False,1,False
C=C1C(O)CC(=CC=CCC(C)CC(C)CCCC(C)(C)O)CC1O,G1,transmol,6.492936968803405,8.268557357788078,4.924773156642914,8.81261825561523,-8.8,-1.30372738838196,0.927272319793701,-7.872158,-8.323458,7.927034378051758,0.3428571428571428,350.282095076,4.534400000000005,60.69,3.0,3.0,9.0,1.0,0.0,0.7272727272727273,25.0,0.0,105.32140000000008,4.0,454.15422906793947,153.71109643666432,0.5352694729993202,4.5105966153146895,0.8048459975450303,True,True,False,False,False,False,1,False
C=C1C(O)CC(=CC=CCCCC(C)CCCC(C)(C)O)CC1O,G1,transmol,6.549050986766817,8.19039907455445,4.863231539726256,8.32247066497803,-9.4,-0.128644794225693,0.921797394752502,-7.524866,-7.698443,7.687215805053711,0.3333333333333333,336.266445012,4.288400000000005,60.69,3.0,3.0,9.0,1.0,0.0,0.7142857142857143,24.0,0.0,100.77440000000006,3.0,426.4904351458793,147.34615432226775,0.4347105623869075,4.224108058254771,0.7659490936618715,True,True,False,False,False,False,1,False
C=C1CC(CC(C)C2CCC3C(=CC=C4CC(O)C(=C)C(O)C4)CCCC32C)OC1=O,G1,transmol,7.960849225521088,8.720761203765868,6.371604561805723,9.52570819854736,-12.5,-2.17724990844727,0.932385742664337,-8.259453,-7.444072,8.076895713806152,0.4931506849315068,426.277009696,5.025300000000005,66.75999999999999,2.0,4.0,4.0,4.0,0.0,0.6666666666666666,31.0,0.0,122.14360000000003,7.0,789.0930694736255,186.30954409323013,0.3760522003216974,4.991862826915035,0.7647091644937444,True,True,False,False,True,True,4,False
CC(=O)OC1CCC2(C)C(CCC3C2CCC2(C)C(C(C)CCC(=O)O)CCC32)C1,G1,transmol,5.7816786766052255,7.844455385208131,4.4053916931152335,8.48450565338135,-11.0,-1.12853038311005,0.915143311023712,-7.876475,-7.144206,7.876986503601074,0.2469135802469135,418.30830982399993,6.077900000000007,63.60000000000001,1.0,3.0,5.0,4.0,0.0,0.9230769230769232,30.0,0.0,116.80480000000009,9.0,673.944746811368,182.07030245541824,0.5497445271309523,4.179271437742825,0.7690574347206894,False,False,False,False,False,True,4,True
CC(CCCC(C)(C)O)C1CCC2C(=CC=C3CC(O)C(=CCF)C(O)C3)CCCC21C,G1,transmol,7.763308167457582,8.637566614151002,6.297311961650849,9.63057994842529,-12.6,-2.08921146392822,0.927514016628265,-7.951118,-7.389713,7.788387298583984,0.7580645161290323,448.33527352,6.044400000000008,60.69,3.0,3.0,7.0,3.0,0.0,0.7857142857142857,32.0,0.0,128.95640000000006,6.0,715.4497421638691,194.0546222189118,0.4158919367306098,4.923315497100991,0.7745077788908755,True,True,False,False,False,True,3,False
CC(CCCC(C)(C)O)C1CCC2C(=CC=C3CC(O)C4=CCCOC4C3)CCCC21C,G1,transmol,8.230751156806946,8.62733602523803,5.83341872692108,9.53270721435547,-11.2,-2.12086582183838,0.928240120410919,-8.227024,-7.555935,7.751363754272461,0.6811594202898551,442.344695332,6.502900000000008,49.69,2.0,3.0,6.0,4.0,0.0,0.7931034482758621,32.0,0.0,131.33160000000004,6.0,754.8538886348102,195.56750925416384,0.4614535106649483,4.799195951646445,0.8336450068428036,True,True,False,False,False,True,4,False
CC(CCCC(C)(C)O)C1CCC2C(=CC=C3CC(O)CC(O)C3=O)CCCC21C,G1,transmol,8.284951269626617,8.500042724609376,5.848539829254152,9.73548126220703,-11.3,-1.74110722541809,0.929360032081604,-7.992122,-8.113633,7.62907600402832,0.7419354838709677,418.30830982399993,4.7176000000000045,77.75999999999999,3.0,4.0,6.0,3.0,0.0,0.8076923076923077,30.0,0.0,119.90540000000006,6.0,685.6373900169573,182.0103277194204,0.545640499291521,4.5577782607504265,0.7976832021339448,True,True,False,False,False,True,3,False
CC(SCCCC(C)(C)O)C1=CCC2C(=CC=C3CC(O)CC(O)C3)CCCC12C,G1,transmol,8.052706480026252,8.639496469497674,5.629367887973786,9.26163578033447,-11.3,-2.23266077041626,0.916641175746918,-8.068224,-7.287947,7.752544403076172,0.5428571428571428,434.28546620399993,5.554200000000007,60.69,3.0,4.0,7.0,3.0,0.0,0.7692307692307693,30.0,0.0,127.63040000000004,5.0,674.8825025147939,187.2823126125576,0.3628584510783092,4.751405421128519,0.7992269408126248,True,True,False,False,False,True,3,False
CCC(CC)(c1ccc(CCC(O)C(C)(C)C)c(C)c1)c1ccc(OCC(O)CCC(=O)O)c(C)c1,G1,transmol,7.57197344303131,8.565485429763795,5.291358292102816,8.89283561706543,-11.7,-2.26981449127197,0.922298729419708,-8.46565,-7.410239,7.351072311401367,0.0967741935483871,498.3345245719999,6.353640000000007,86.99,3.0,4.0,13.0,2.0,2.0,0.5806451612903226,36.0,0.0,145.87439999999992,2.0,1000.510856785664,217.08016608523525,0.2993464122695374,3.5529503772987745,0.7851098976528182,False,False,False,False,False,True,2,True
CCC(CC)(c1ccc(OCC(CO)CO)c(C)c1)c1ccc(OCC(C)(C)O)c(C)c1,G1,transmol,6.260598182678221,8.502232789993291,5.157911539077759,8.43843364715576,-10.5,-2.19368648529053,0.923781394958496,-8.671943,-7.541355,6.866957664489746,0.125,444.2875743799999,4.538840000000005,79.15,3.0,5.0,12.0,2.0,2.0,0.5555555555555556,32.0,0.0,128.66940000000005,0.0,860.8358087098197,192.572420757112,0.4479515036504508,2.8352009996903664,0.8126017777151454,False,False,False,False,False,True,2,True
CCC(CC)(c1ccc(OCCC(C)(C)O)c(C)c1)c1ccc(OCC(CO)CO)c(C)c1,G1,transmol,6.59771502017975,8.720417881011954,5.264810919761658,8.156813621521,-10.1,-2.18496942520142,0.922606110572815,-8.72265,-7.701489,6.863073348999023,0.1645569620253164,458.3032244439999,4.928940000000006,79.15,3.0,5.0,13.0,2.0,2.0,0.5714285714285714,33.0,0.0,133.28640000000004,0.0,876.3418560282296,198.93736287150853,0.3966704317659041,2.849822583859657,0.8130348056004854,False,False,False,False,False,True,2,True
CCC(O)(CC)COc1ccc(C(CC)(CC)c2ccc(OC(CO)CO)c(C)c2)cc1C,G1,transmol,6.121089279651641,8.470446968078615,5.150591015815737,8.36194229125977,-10.0,-1.90931451320648,0.926110744476318,-8.437482,-7.77336,7.003020286560059,0.0975609756097561,458.3032244439999,5.071440000000007,79.15,3.0,5.0,13.0,2.0,2.0,0.5714285714285714,33.0,0.0,133.33440000000002,0.0,879.8516310325567,198.93736287150853,0.3904663629340206,2.9960595069365823,0.794881537039562,False,False,False,False,False,True,2,True
CCC(O)(CC)COc1ccc(C(CC)(CC)c2ccc(OCC(CO)CO)c(C)c2)cc1C,G1,transmol,6.1108621954917925,8.434526300430303,5.147479355335236,8.29370307922363,-9.8,-2.11138319969177,0.929275333881378,-8.146056,-7.152166,6.91431999206543,0.0975609756097561,472.3188745079999,5.319040000000007,79.15,3.0,5.0,14.0,2.0,2.0,0.5862068965517241,34.0,0.0,137.90339999999998,0.0,895.3891255130686,205.30230498590515,0.3468217187373106,2.9999255092964656,0.7707441540133357,False,False,False,False,False,True,2,True
CCCCC1CCC2(C)C(CCC2C(C)CCCC(C)(C)O)C1=CC=C1CC(O)CC(O)C1,G1,transmol,7.581593275070189,8.785965585708626,5.8121122121810895,9.40765190124512,-10.5,-0.49959197640419,0.923524975776672,-8.322889,-7.321251,7.877959251403809,0.6461538461538462,460.3916455239999,6.954900000000011,60.69,3.0,3.0,9.0,3.0,0.0,0.8666666666666667,33.0,0.0,137.91340000000002,7.0,675.1455053887802,203.30857407696297,0.3485765281802292,4.802612980049686,0.7621199905330401,True,True,False,False,False,True,3,False
CCCOC1C(O)CC(=CC=C2CCCC3(C)C(C(C)SCCC(O)(CC)CC)=CCC23)CC1O,G1,transmol,8.165412664413452,8.595662593841558,5.8266764879226685,8.52495574951172,-10.8,-2.21650123596191,0.927675545215607,-8.745509,-7.387142,7.658945083618164,0.3411764705882353,506.3429810799999,6.349400000000008,69.92,3.0,5.0,11.0,3.0,0.0,0.8,35.0,0.0,147.66139999999987,5.0,769.2260034185173,217.8556262996509,0.2849280440753846,4.988251638657561,0.7703447366644283,True,True,True,False,False,True,3,False
CCCc1cc(C(O)(CC)CC)ccc1-c1cc(CCc2ccc(CO)c(CO)c2)ccc1C,G1,transmol,6.0783531665802,8.813969802856452,5.279281437397003,7.7698278427124,-11.7,-1.83829152584076,0.927310585975647,-8.581664,-7.917256,7.760873794555664,0.0795454545454545,460.29774514,6.391920000000009,60.69,3.0,3.0,11.0,3.0,3.0,0.4193548387096774,34.0,0.0,140.78439999999995,0.0,1095.826368402965,204.672540275369,0.3105669373300367,2.744550809022208,0.7774344090232265,False,False,False,False,False,True,3,True
CCn1c(C(=O)NC(C)CO)ccc1C(CC)(CC)c1ccc(OCCC(O)(CC)CC)c(C)c1,G1,transmol,6.281584680080412,8.787525653839108,6.140921235084536,8.16841316223145,-10.1,-1.26327800750732,0.919057011604309,-8.788236,-7.307284,7.721307754516602,0.1020408163265306,486.34575795199993,5.353120000000006,83.72000000000001,3.0,5.0,14.0,2.0,2.0,0.6206896551724138,35.0,0.0,142.3047999999999,1.0,957.5865286037096,211.2549264242569,0.3359415576546968,3.613961749093301,0.7677546160774407,False,False,False,False,False,True,2,True
CCn1c(C(=O)Oc2ccc(CCO)cc2)ccc1C(CC)(CC)c1ccc(OCC(O)C(C)(C)C)c(C)c1,G1,transmol,6.6788406372070295,8.983769416809087,5.990385591983796,8.27860164642334,-11.3,-1.69698977470398,0.923391044139862,-9.14225,-7.584002,8.100720405578613,0.0769230769230769,535.3297735399999,6.462320000000008,80.92,2.0,6.0,12.0,3.0,3.0,0.4848484848484848,39.0,0.0,155.79409999999976,1.0,1231.9705464756828,233.14581944742665,0.2054292770762624,3.495013568707611,0.7700621822950261,False,False,False,False,False,True,3,True
CCn1cc(C(CC)(CC)c2ccc(C#CC(O)(CC)CC)c(C)c2)cc1C(=O)OCCO,G1,transmol,6.071049153804779,8.82591261863708,6.508999705314636,8.13263416290283,-9.8,-1.78911447525024,0.91907262802124,-8.411582,-7.796145,7.710124969482422,0.0833333333333333,453.28790872799993,4.974220000000006,71.69000000000001,2.0,5.0,10.0,2.0,2.0,0.5357142857142857,33.0,0.0,132.42510000000004,0.0,1000.635208540136,198.3393475181115,0.3933674872219547,3.345087199244274,0.7627346934280899,False,False,False,False,False,True,2,True
COC(=O)CCc1ccc(OCc2oc(-c3cccc(OC)c3)nc2C)cc1,G1,transmol,5.194933474063873,7.81874928474426,4.74303013086319,5.6292085647583,-9.9,0.800729274749756,0.91834968328476,-8.363101,-8.269547,6.599414825439453,0.0510204081632653,381.157622836,4.343220000000003,70.79,0.0,6.0,8.0,3.0,3.0,0.2727272727272727,28.0,0.0,104.33900000000004,0.0,930.3551003594754,163.61632136598902,0.5406059913394642,2.2058546600472777,0.7944356274909121,False,False,False,False,False,True,3,True
COC(=O)c1ccccc1OCc1oc(-c2cccc(OC)c2)nc1C,G1,transmol,5.227779030799865,7.664708185195934,4.736465752124788,4.91531085968018,-10.3,0.60648512840271,0.915679156780243,-8.741347,-7.978261,6.987461090087891,0.0520833333333333,353.12632270800003,4.024220000000003,70.79,0.0,6.0,6.0,3.0,3.0,0.2,26.0,0.0,95.34150000000004,0.0,916.06993952657,150.8864371371958,0.6233611130580312,2.164448824182996,0.7682741810367957,False,False,False,False,False,True,3,True
COc1cccc(-c2nc(C)c(COc3ccccc3C(=O)O)o2)c1,G1,transmol,5.443700075149538,8.147710609436034,4.610011637210845,5.07967519760132,-11.0,0.9532632827758788,0.9150769114494324,-8.423801,-7.870354,6.919454574584961,0.0531914893617021,339.110672644,3.9358200000000014,81.79,1.0,5.0,6.0,3.0,3.0,0.1578947368421052,25.0,0.0,90.96130000000004,0.0,900.3350396008653,144.20218354548834,0.7324590884076729,2.1466473358516147,0.7928771910224085,False,False,False,False,False,True,3,True
