index,is_calib_neg,meta_score
5269,1,0.4709246263096548
5862,1,0.4346238754709518
11283,1,0.4738069422621098
6955,1,0.4094888562042476
12454,1,0.4969415294100507
11914,1,0.5062063748119706
5596,1,0.5007323573617138
4115,1,0.5013231244223928
3619,1,0.4814570535471418
7089,1,0.4381194216731714
15176,1,0.4794543261724419
6445,1,0.4406918108650137
3420,1,0.4851076815340537
12264,1,0.4092605053336895
16126,1,0.4414886127953437
3582,1,0.446279638571802
12873,1,0.4274816922792474
3969,1,0.533109207061777
8301,1,0.4711183070361408
8894,1,0.4903952031956186
8782,1,0.4652926940129638
13161,1,0.4761974940684111
3655,1,0.4454717956151666
1831,1,0.4982594932572257
12280,1,0.3978985579372168
12701,1,0.4864492152509911
12539,1,0.4811407777513098
8137,1,0.484720789895742
7065,1,0.471141919596109
16082,1,0.4493790182372773
4960,1,0.4649984180259666
10203,1,0.5104837819882984
14861,1,0.4791335991509345
7007,1,0.4851405916320379
13712,1,0.445755097980043
8011,1,0.4583941904195563
3793,1,0.4514786488684638
15926,1,0.464398625066783
7543,1,0.4778454519131822
13115,1,0.4896986239513868
15281,1,0.4966396194530303
15847,1,0.4930270083870232
7616,1,0.481044651396213
14145,1,0.4377805524788701
15850,1,0.4505071330113986
3356,1,0.5010682098896923
4752,1,0.4461960321133752
7741,1,0.5070222548982618
12267,1,0.480164697382819
13646,1,0.400063237372791
13292,1,0.4409806234690693
12440,1,0.447450793423629
3507,1,0.4152542324689389
6487,1,0.4732093445998314
4839,1,0.4473891503979383
12493,1,0.4038950163996725
14866,1,0.4601538879641532
13929,1,0.4474525710754008
12379,1,0.4578218072209597
4000,1,0.4313522968740693
7117,1,0.4454596555422025
12243,1,0.4633400367985756
4003,1,0.4749448216475441
15695,1,0.4734176101801092
13336,1,0.4696969967040932
10405,1,0.4165648134704777
14343,1,0.4891915391686301
6057,1,0.4618732717450696
12907,1,0.4296806369654745
13278,1,0.4518196796501041
8091,1,0.5043810708912788
10617,1,0.4904348035298497
3695,1,0.4775129431659517
4223,1,0.4531174588528814
12840,1,0.4488876388454653
6883,1,0.4515918817309285
11508,1,0.4690784245735489
12894,1,0.4400425760938853
15813,1,0.4596521647722585
15123,1,0.4519563684375827
15815,1,0.4347520514842936
7866,1,0.4336137354558565
4047,1,0.4617970275701323
15067,1,0.4335583851853757
3673,1,0.4308900991131998
8898,1,0.4842351953536427
8845,1,0.4273418266582269
4584,1,0.4420788294843145
10410,1,0.4491342300914426
14319,1,0.469595046755008
11663,1,0.4345395753367166
4053,1,0.4937833212106535
7310,1,0.4279657870200991
8691,1,0.4255161436476657
8604,1,0.4278123654891275
6550,1,0.4348636218633586
8613,1,0.4161411817439285
8713,1,0.4680155313312217
11697,1,0.4628696639350486
14487,1,0.502291158116579
12515,1,0.5161420343401384
15985,1,0.4986649866358825
7539,1,0.444894722135179
4409,1,0.4800684063124988
6700,1,0.4659362469259323
12989,1,0.4405274537456354
7183,1,0.4399901469880869
8903,1,0.500000786089135
15789,1,0.4955953090946829
10477,1,0.4455244267963764
3291,1,0.4501330815481915
11893,1,0.4621098636709677
6782,1,0.4359862936559162
3747,1,0.445473598686371
8013,1,0.4645872714362947
6913,1,0.4339387116265258
10323,1,0.4413734958501293
15617,1,0.4633937340085229
13413,1,0.4891869959184014
1770,1,0.4387566715688381
6547,1,0.4178031531927025
7645,1,0.4403045605387687
7319,1,0.5199774697343262
8352,1,0.4917194870524682
3896,1,0.4456817560941317
4868,1,0.4648017663326331
8155,1,0.4667200149466642
1750,1,0.4886977314628709
7889,1,0.4516640151551004
10609,1,0.4891217949174415
13268,1,0.4425200073649489
11056,1,0.4436180994224014
6157,1,0.4426476590801321
11041,1,0.4757865239611418
15951,1,0.4567538565452282
16075,1,0.4428950413455671
15328,1,0.4561385164043109
7944,1,0.4810819924481343
3842,1,0.465112117016958
11454,1,0.4733371692626689
10503,1,0.4590457026775577
3966,1,0.4486473895895034
5865,1,0.4655934293058884
4899,1,0.4389941037323928
13635,1,0.4242118969668509
16163,1,0.4780481255613419
12608,1,0.474698316936205
16121,1,0.4594078986856375
16179,1,0.4599020705085005
11533,1,0.4423748000374372
12283,1,0.4779332069106453
1828,1,0.487704279444651
12179,1,0.4483423868667707
10267,1,0.4248268982443498
12446,1,0.4650831237524265
12704,1,0.5126193351611744
8820,1,0.4297069840579445
12474,1,0.457520953246167
11882,1,0.4497310499576827
13408,1,0.4475310199230408
7634,1,0.4921469666605104
8910,1,0.4968601689663064
10432,1,0.4591611495850932
4983,1,0.4343782229236383
13877,1,0.5077249025033321
8378,1,0.5095188399286071
15290,1,0.4938778268072979
4534,1,0.4429523403629057
10369,1,0.4446578455838282
14858,1,0.4072320619168238
8351,1,0.4781411886638091
11464,1,0.4109750071333256
12826,1,0.5259331295676666
12479,1,0.4633966782039419
13080,1,0.4785962324054227
4615,1,0.4645710796348017
6638,1,0.4599230112523472
12601,1,0.4429677009011292
6121,1,0.4623836613279289
14498,1,0.4232064871921703
8021,1,0.4623257345647419
4602,1,0.4103092795605452
14990,1,0.4338962819601982
14997,1,0.4586239280151563
14012,1,0.4617003568785728
4079,1,0.5119333623832242
5703,1,0.4930077918012317
10345,1,0.4540828411892367
2788,1,0.5167945847129107
6221,1,0.4514586913070751
8608,1,0.4257576091245498
10329,1,0.4850931894848209
8039,1,0.4347996978962578
14067,1,0.4079952199836903
4348,1,0.4605429950372194
12871,1,0.4627680357564982
15391,1,0.4905912533069132
13788,1,0.4597721538601411
15121,1,0.4791487348553487
12721,1,0.4729430392336209
15765,1,0.493097421509482
15896,1,0.4868290098915723
10459,1,0.4926607343307381
12200,1,0.5147805525168987
15724,1,0.4323550764898703
14205,1,0.462673462222506
16049,1,0.3926179032271649
1774,1,0.4388506605703343
15193,1,0.4707748093923971
5264,1,0.4572317117946876
8772,1,0.4923983249992308
15203,1,0.4446747351528158
8656,1,0.457290031323796
5852,1,0.4585092288914719
13024,1,0.4489220658358692
7210,1,0.4520975528864253
15715,1,0.4335344230979532
5594,1,0.4728997911668997
12975,1,0.5199449566873531
11641,1,0.4490588370957658
4580,1,0.4505152855591565
14840,1,0.5096766948993019
12373,1,0.4124738310299169
15229,1,0.4656587292915147
11746,1,0.4616304539997836
13311,1,0.4185724525138282
4588,1,0.4744565593455937
15819,1,0.4251754232442667
8364,1,0.4658017278732573
14118,1,0.4339971877325232
12483,1,0.4437091039439895
12277,1,0.4640529530224899
15024,1,0.4336635725113366
12265,1,0.4600947999835587
5507,1,0.4492744561229006
8052,1,0.5009084920105585
14972,1,0.4700385989632787
3732,1,0.4454601639364685
10283,1,0.4336935474917658
12568,1,0.4826475788444919
6633,1,0.4057416845673735
11735,1,0.4553699079630387
8598,1,0.4215615700260197
14503,1,0.4624623358720877
7439,1,0.4914405963101552
4697,1,0.4352530049032691
6708,1,0.4575196816896563
13940,1,0.4465942024912179
12037,1,0.432117597050121
6978,1,0.4409475114126318
13210,1,0.4640119627735212
11728,1,0.4821041934905061
6834,1,0.4609566847260817
15306,1,0.4571995915414428
12917,1,0.4860429296617386
16096,1,0.3967117792697182
3340,1,0.4894825021254819
12252,1,0.5055269995619436
1794,1,0.4424421148322828
6926,1,0.4906208487271508
13860,1,0.4557478379101464
14363,1,0.4660176630718116
10254,1,0.4263593513288176
8077,1,0.446705533577199
4975,1,0.4057559766279723
12967,1,0.4609476547283102
8213,1,0.4490529241025631
12090,1,0.4757261926791006
15509,1,0.464759612272046
10563,1,0.4539304410218319
13440,1,0.4548806515745592
12946,1,0.4849459924723128
7274,1,0.4785412658389782
7845,1,0.4645322868452753
11255,1,0.4565632091291505
7323,1,0.451234136824802
3364,1,0.5079511008073182
4508,1,0.4393203045330834
10198,1,0.4476618934285049
15676,1,0.4738794771413719
8067,1,0.4725090912269839
11502,1,0.4588180020637503
3483,1,0.4304199297239988
6186,1,0.4869097800389362
8593,1,0.4749909125095423
3604,1,0.4242476568707848
11128,1,0.4566801342369285
12990,1,0.4145421685754555
8016,1,0.4828373963605099
8223,1,0.4570900745180851
15872,1,0.4473005957431478
11747,1,0.467721015018125
8589,1,0.4589373527028789
3822,1,0.5248216150335442
7198,1,0.4791539623675243
14438,1,0.4291713503059269
11576,1,0.4806669030003974
7168,1,0.4729214679855316
13394,1,0.4585689219818751
11196,1,0.4894741384666458
14863,1,0.4611973449121408
12891,1,0.4780542082742181
15198,1,0.4645230305550435
14468,1,0.4288745099543764
13965,1,0.4637622416091341
12019,1,0.4465762075679638
12571,1,0.4843669851107162
10467,1,0.5317471924112488
6585,1,0.4440134626553125
5257,1,0.4831201473785551
12089,1,0.4117373820855511
3644,1,0.4707873050702409
11442,1,0.4765334262381964
15218,1,0.4693615038360731
15795,1,0.5004059367919694
2822,1,0.4701941464293016
8760,1,0.4920632046394815
15395,1,0.4431824646251833
3300,1,0.4379396130526727
7938,1,0.4606614902269175
13016,1,0.4463811230429679
11467,1,0.4860637023305413
7829,1,0.4101860935599377
12247,1,0.4346601544191152
16191,1,0.4480611216145567
8032,1,0.5016194999497039
16147,1,0.446949659803867
12402,1,0.4601251765499078
7334,1,0.474021798063661
16033,1,0.4576992763822353
3605,1,0.4877629769762936
15707,1,0.4255645385825768
10317,1,0.4817577029099612
4864,1,0.4516756382027397
2826,1,0.4643443110864896
16021,1,0.4362063745053023
3772,1,0.4296110651304167
8071,1,0.4793205534246872
1799,1,0.4612022703530074
8913,1,0.4295643249787494
10416,1,0.4463480511342024
3756,1,0.4898620460158513
11497,1,0.4217837633242434
15801,1,0.4467432520287258
10354,1,0.4764095330045506
8247,1,0.4710687349331615
12661,1,0.4871711289513892
4100,1,0.4634158101282231
14352,1,0.4427430437879737
14423,1,0.4923336966633014
15728,1,0.5190247547768243
11074,1,0.5021003714218446
6467,1,0.5441588931717697
11260,1,0.4691402521352874
10237,1,0.5089582181859764
15668,1,0.4030245868930941
13085,1,0.3945419210612154
15865,1,0.4783407527252321
2789,1,0.4808312554954882
5757,1,0.4079707131812372
4728,1,0.4295121297483639
8699,1,0.4705302062670649
7074,1,0.4761577059056345
14239,1,0.4258750758537966
4201,1,0.4436798032678333
5013,1,0.5295583396027955
14070,1,0.4609347135225876
8362,1,0.4777324767039637
5268,1,0.4435093350740286
8992,1,0.4430896458341155
16056,1,0.4754502093210665
8592,1,0.4463816259920369
14385,1,0.4674291039176111
4375,1,0.4565911396926284
15646,1,0.4067951165492551
8480,1,0.4378126453067775
3859,1,0.4854053485979668
9085,1,0.5012987245670747
5887,1,0.4655743527276356
14906,1,0.4525521705943937
13970,1,0.4475306334969893
11899,1,0.4649375504091081
15503,1,0.4770548672936001
12743,1,0.4871692452502866
7529,1,0.443812531612251
7960,1,0.524840048776192
12064,1,0.4617306496104991
12471,1,0.4543710639564238
3951,1,0.4483807051974617
14165,1,0.4690738983953731
11825,1,0.4507502172049699
3509,1,0.4264907770571388
12628,1,0.497572945976705
15886,1,0.4918906403811445
15428,1,0.4482800031017401
13173,1,0.4186417016257148
3882,1,0.4491743364772328
8192,1,0.4840738442878661
7579,1,0.487027972379995
12316,1,0.4897242197049379
13637,1,0.478321404174809
6156,1,0.4649590757918531
2838,1,0.4314932695922929
6183,1,0.4674699956251982
5625,1,0.4291229273402088
4937,1,0.4658505807357919
10343,1,0.4313217533017189
11054,1,0.5192435529309107
11553,1,0.5025229368135151
11700,1,0.4727528087402171
6102,1,0.4741512078779188
15942,1,0.4207972491701305
8035,1,0.4930239857456098
13957,1,0.4806495204386698
4311,1,0.4631749128123706
12217,1,0.4412389360378423
8996,1,0.4953705216924582
3629,1,0.4679365168197594
5449,1,0.4599331284025645
11783,1,0.4793086416566487
11146,1,0.4853807197536574
8839,1,0.4746194199514686
8920,1,0.4574390428941163
15441,1,0.4518046953038216
3679,1,0.4580985253634067
1765,1,0.4724473019884753
14168,1,0.454021821961292
4105,1,0.4711171134504762
13339,1,0.4565171617653242
5287,1,0.4508053318534218
6062,1,0.4522285338729789
5861,1,0.4431625292820755
12646,1,0.4281594772455662
13230,1,0.4152357558356268
13890,1,0.4465971068848446
5581,1,0.5481779538660234
13540,1,0.4980641535786724
14716,1,0.4559732638662115
13239,1,0.396401424617874
15472,1,0.4296241654859769
8236,1,0.4738335531152508
13571,1,0.5048542003709146
14063,1,0.4118502077448105
12361,1,0.496532903898453
13869,1,0.5038439058648982
11994,1,0.4626282704538338
3819,1,0.4628518697768363
3635,1,0.4846063299393199
8568,1,0.4575672320517149
12993,1,0.4363647230718922
15826,1,0.4381719132893452
16012,1,0.490694251654756
15957,1,0.4645502825806833
11801,1,0.4004428625455444
9105,1,0.4193678426068948
13912,1,0.4572248638745398
13875,1,0.454910181620565
13829,1,0.4415317916588241
4382,1,0.4430275938268588
7742,1,0.4966738978904673
15464,1,0.4190342448526822
12024,1,0.4616097756536068
13463,1,0.4414005132260682
15317,1,0.4395408790299462
11817,1,0.4629702805858603
12153,1,0.469332877242307
3791,1,0.4510028221288084
8776,1,0.4724969858493762
11998,1,0.4551736575165636
8175,1,0.4744177659426616
4193,1,0.5395529882950888
10248,1,0.5696611244682732
13116,1,0.4575103862169011
8070,1,0.4827580647799938
8788,1,0.4433590191560317
14011,1,0.4760207356894602
13095,1,0.4304671126233316
14986,1,0.4823533225389377
15579,1,0.4787444115152174
3288,1,0.4290070455926845
12246,1,0.4576566340404144
2790,1,0.4304889196146032
15143,1,0.4604841799044432
15162,1,0.4658226607787658
3669,1,0.4900040633977783
7796,1,0.5412451361468341
12839,1,0.4452651221849444
6760,1,0.4341558743698689
4780,1,0.4518566975366164
7953,1,0.4720140131676461
8527,1,0.470466054185341
12253,1,0.4220377716387458
11084,1,0.4289437547586668
3555,1,0.4500632475315093
12138,1,0.4762030746652193
14500,1,0.4742349152089488
4006,1,0.4473726749257469
3887,1,0.4838366620211859
13917,1,0.4691480876644997
13193,1,0.4231673814081362
14237,1,0.4635175364984299
2900,1,0.4819128837753059
12691,1,0.5486683109942391
16192,1,0.4785373811603731
13906,1,0.427192863073853
14135,1,0.4752073548942579
3564,1,0.5315437436005354
15080,1,0.488872394885993
7084,1,0.449828830002479
6759,1,0.4126562916623658
11479,1,0.4236779304055876
4679,1,0.4921898847933137
8118,1,0.4541336736581957
15975,1,0.4895592620475866
15491,1,0.4663021742666327
15478,1,0.4690001038768196
13302,1,0.4985126451863318
10143,1,0.4813965226627168
11751,1,0.4482874414744478
12823,1,0.5110738364080392
11616,1,0.5025913654095008
11665,1,0.4493308207582954
3927,1,0.4554648754719799
13932,1,0.4940741783658257
8289,1,0.4370681600763464
4206,1,0.4612686279339182
13304,1,0.4681297709943354
3977,1,0.4018124277149628
7206,1,0.4418547798966877
13103,1,0.4306716648771064
11277,1,0.4632294871073189
15981,1,0.4956770155270924
4422,1,0.4328341070716734
15122,1,0.4329642775390338
15750,1,0.4670169238423658
7153,1,0.4714494797510999
12494,1,0.4211679042191948
11796,1,0.4459498549434252
11118,1,0.468356079967085
12062,1,0.4558277298271718
13778,1,0.491905783489151
8692,1,0.4496174348246273
13288,1,0.4913355104789945
14742,1,0.4784710401855298
15997,1,0.400725194107278
5556,1,0.4577368003809217
2843,1,0.4625373574433343
3305,1,0.4472722088408647
4229,1,0.5044316444964316
7061,1,0.4809283588034644
5845,1,0.5011492264540185
12964,1,0.4657782906708189
6651,1,0.4984387075302339
12130,1,0.4754918801045266
5653,1,0.4252654454150306
7264,1,0.4264025652630208
14807,1,0.4693400410970596
8539,1,0.4525478497545963
6473,1,0.4328603376518239
16145,1,0.4164131098699569
3492,1,0.4574400724262193
12239,1,0.4669396799219839
10428,1,0.463335558559431
15572,1,0.4830327959094329
11950,1,0.4230775771392506
7631,1,0.4222297293648799
4486,1,0.4828409361594081
8618,1,0.4796135493557422
15595,1,0.4736343427190108
16118,1,0.5026139294557894
8756,1,0.4948627680420155
12652,1,0.4560505999641479
15812,1,0.4821836544439205
14088,1,0.5007440247646097
4292,1,0.4973506557734763
1822,1,0.4688156042595068
10971,1,0.4513788702470358
3724,1,0.4233033756282298
6092,1,0.4491682986557899
15971,1,0.4958311830043294
5993,1,0.4905386826926073
11310,1,0.5007786960929453
15924,1,0.5068246016967635
11279,1,0.4494921066229749
12908,1,0.4060611531676004
4650,1,0.4800458065077095
10542,1,0.5319870138848763
11634,1,0.4921962422035492
4545,1,0.4399267220717066
12442,1,0.4958849166275045
10389,1,0.4803121403235587
11153,1,0.4142065296907479
3688,1,0.4795234403379798
4982,1,0.4303135291133659
15573,1,0.4852283824670992
15276,1,0.4330552401292931
1747,1,0.4276186033009459
4536,1,0.4728627442779359
3946,1,0.4776389072825759
5761,1,0.4331404192259636
8537,1,0.4670519054248795
14981,1,0.50244855206091
12380,1,0.5182651733599021
14175,1,0.4218880873034765
8073,1,0.4669535582519998
6243,1,0.4105626129459261
14706,1,0.4469428340295547
12861,1,0.5379469536270487
6885,1,0.4780608046012448
3693,1,0.4438488627325293
4567,1,0.4318011903920759
12304,1,0.4215524209414538
15517,1,0.4775190015635998
1820,1,0.5064604496772791
6236,1,0.4181389217724803
11828,1,0.4407169687145293
12836,1,0.4629398903845356
12184,1,0.448682228522383
13697,1,0.4431054520874617
13609,1,0.4572303248468937
12532,1,0.459091869298758
14007,1,0.47060351983265
15658,1,0.4643058641707094
8828,1,0.5199146434899188
8316,1,0.4704864207565227
11816,1,0.4369835522074902
3775,1,0.414668237912498
11420,1,0.4561197517151165
5714,1,0.4489392773791534
4996,1,0.4720702954997791
15321,1,0.4296753220760089
14888,1,0.452462874298802
13170,1,0.4042058230509415
8105,1,0.4349633489020204
10227,1,0.5236683403536366
5987,1,0.4364845929338129
3315,1,0.4806183925487841
3866,1,0.4476635333625532
3962,1,0.467292330392417
10373,1,0.5446369669694241
8328,1,0.5041566738669018
15894,1,0.4964391625262152
6122,1,0.4574569627889116
15458,1,0.4909527573889251
12067,1,0.461763082046507
15133,1,0.4679672376039335
11496,1,0.470221851097429
12462,1,0.4619913372316303
12339,1,0.5028579832914275
13261,1,0.3921453732417758
7625,1,0.4417635156524959
7205,1,0.4714763550606848
13155,1,0.4856155181423425
11534,1,0.4354688538378657
7969,1,0.4514016890509518
11023,1,0.4441806025569643
15010,1,0.4352745524152787
5506,1,0.461560939967386
14263,1,0.4773339931126505
7002,1,0.4509336706044007
14042,1,0.4891823551676363
15522,1,0.4478762623466829
4390,1,0.4405461492107877
12294,1,0.4770633694301408
7123,1,0.4446730599964836
7871,1,0.4296744186993555
13082,1,0.460118934710012
14156,1,0.4334062553052958
8591,1,0.4128893793050737
5514,1,0.4828471133307117
10541,1,0.434620421172861
11158,1,0.4468020739674124
5939,1,0.4447721102576286
13874,1,0.4583105123694356
3599,1,0.4700556706594598
11557,1,0.4953986514020754
15610,1,0.4572942440974378
15114,1,0.458114960768358
3368,1,0.4671333185999332
8359,1,0.4585041862766895
12728,1,0.4409886954273093
3820,1,0.460770896885009
5976,1,0.4113775564986879
11386,1,0.4744734141052922
6947,1,0.410547770282405
13260,1,0.4057576698141092
11645,1,0.4388622734663619
7165,1,0.4413987993389089
11267,1,0.4095445045868079
12355,1,0.4540730270936661
12551,1,0.4304622965476751
12816,1,0.4659265922432306
12010,1,0.5253876423467216
16076,1,0.4465529763638644
6087,1,0.4610409296453864
4125,1,0.5436174764847148
8733,1,0.5537802668043468
12060,1,0.4684060520391571
8798,1,0.4270881051187916
6587,1,0.4546681298440778
6152,1,0.4916605750988804
7811,1,0.4518677287708103
8654,1,0.4668403232440515
12194,1,0.4678722935775506
15953,1,0.4426892671562308
11543,1,0.4813504285843181
7243,1,0.422808903001989
13358,1,0.4258087037808209
16115,1,0.4501215612963531
14215,1,0.4351485048605235
15124,1,0.476492150058485
16015,1,0.5524926901910883
14092,1,0.4518011629335083
8830,1,0.4756717421551538
11120,1,0.4888764802082503
11520,1,0.4700863300944874
4959,1,0.4804953752381128
8066,1,0.5091505710077096
16181,1,0.485690012952884
6602,1,0.4643506645422103
12049,1,0.4365983934977799
9031,1,0.4614396114002265
14211,1,0.4418786479912835
12868,1,0.4948583792443811
8356,1,0.4658105397632847
12259,1,0.4943593381718268
6491,1,0.4454693118407539
10157,1,0.5187886491422424
15689,1,0.4285475767346868
13694,1,0.5009732267338649
10170,1,0.4928336498485991
15095,1,0.497005649982583
11089,1,0.4534855057427652
16001,1,0.4737617362218305
8337,1,0.4620090150847063
12567,1,0.4514366149970378
15084,1,0.4359009935410917
5751,1,0.4241595388502439
7743,1,0.4940808674641097
7297,1,0.5188057188469147
5716,1,0.4871162899093613
10582,1,0.4615867240980157
14914,1,0.4564403489966745
15554,1,0.4319590019135839
16094,1,0.457464681070486
12905,1,0.4709694944632207
8831,1,0.5120458476306211
4182,1,0.4180705039659699
15168,1,0.5002769481444113
15787,1,0.4740560745045489
7346,1,0.4927821300711837
15790,1,0.5039318356811854
14445,1,0.4671011009160951
5898,1,0.4274176022640003
15449,1,0.5066060834994048
8896,1,0.4604927450783017
8558,1,0.4558157220161237
10984,1,0.4262944416327849
3654,1,0.4721982136152917
11662,1,0.4227371205635885
14157,1,0.411200305710823
13150,1,0.4217806509064373
6619,1,0.4769676391499862
15835,1,0.4570032634478228
11208,1,0.4703660696139944
11185,1,0.4535854901666321
1798,1,0.4682191331552928
6474,1,0.4635282259100694
11773,1,0.4544857202069128
12418,1,0.4802028595028903
3632,1,0.4920239538900384
13053,1,0.4569966916759435
13876,1,0.4243981016191624
4124,1,0.4477932396394274
8145,1,0.4269541466446213
4488,1,0.4112621342696913
10550,1,0.4243526252411025
12985,1,0.4643928983710974
13107,1,0.4208701512938707
13074,1,0.5091001032985303
4655,1,0.444959922869038
13303,1,0.4728051533274645
8688,1,0.3855395844667733
6043,1,0.4806361449355614
10496,1,0.4839509722353276
7322,1,0.4567498561517795
6661,1,0.41712192520384
15755,1,0.4584936348749807
11290,1,0.5433757958094554
10577,1,0.4777321860736436
4114,1,0.4338067370833945
10562,1,0.4808827827658869
8197,1,0.4668015774266599
4611,1,0.4279688178064939
4968,1,0.44184435895678
10463,1,0.4598786759376517
16098,1,0.512389371120033
7176,1,0.4504812502317569
12248,1,0.4978043916440199
7136,1,0.4254797071628829
14933,1,0.4387722898727273
8548,1,0.4768894089354046
2881,1,0.4666091104364314
8146,1,0.4756100794456707
12876,1,0.4195688992504354
16157,1,0.4146283073331118
3849,1,0.401880593764495
12949,1,0.4639191045743385
11199,1,0.5094514848697658
7308,1,0.432955483266793
14838,1,0.4525581805391147
12034,1,0.4170104890349597
12664,1,0.4554724102452947
8355,1,0.4938004311332857
3285,1,0.4232679914703521
11698,1,0.4780583209873859
14029,1,0.4737613534755261
3773,1,0.4498433705210931
11322,1,0.4986059782592221
12328,1,0.5078982472032647
13088,1,0.4232590942065959
11351,1,0.4010028198528382
10427,1,0.4886585145313642
3334,1,0.5225341080745929
15743,1,0.5043755073210502
7202,1,0.4228328829044293
11528,1,0.4831493740357112
13216,1,0.4687879786878247
6856,1,0.4265785416941823
15577,1,0.4726935565792802
8515,1,0.4260052964987317
14562,1,0.435341994340216
14188,1,0.436253711688397
4531,1,0.4357730389898038
15018,1,0.4662015498036719
15654,1,0.4695508636678597
7534,1,0.4938894219835374
15404,1,0.4393215993714107
8914,1,0.4243945594751995
11231,1,0.4618823600876798
15033,1,0.5065794465579674
8338,1,0.4283859918682624
11599,1,0.5054975306630526
13323,1,0.4371397755643153
14435,1,0.4637962696102231
13098,1,0.4523373046576333
13251,1,0.4455318192937188
3936,1,0.4393970110911729
5684,1,0.42780116074387
3910,1,0.5033301318623619
12006,1,0.47582157648382
5351,1,0.4494448780177408
8615,1,0.5373009919966533
13373,1,0.4674738164732506
8962,1,0.550104093052818
8954,1,0.4748127539559426
15830,1,0.4465655786380611
13623,1,0.4340596189043948
8752,1,0.4664611906742092
4464,1,0.4310983746613875
14910,1,0.4197633806874806
7388,1,0.4971073446314457
4770,1,0.4648353971552253
15170,1,0.4608592991730786
14964,1,0.4261835998405638
15341,1,0.3984534635939298
15326,1,0.418030259395475
15989,1,0.4615093004240673
6222,1,0.4392431463759629
4751,1,0.4989780602859939
7475,1,0.4588863891318047
15077,1,0.459929076804092
4923,1,0.4349625214463495
4962,1,0.4419988282375803
8952,1,0.5438763570898856
5281,1,0.4628719791045442
4543,1,0.4805140640982722
13338,1,0.4155489241769534
3766,1,0.5030907992747642
13357,1,0.4328651044009819
8857,1,0.485421622190505
5790,1,0.4766279413008392
14720,1,0.4521962544427118
3745,1,0.482727139264846
15897,1,0.5116389323372247
8325,1,0.4755888900150982
15353,1,0.4490972544053163
11646,1,0.4273101226748045
8394,1,0.4869016034433301
14897,1,0.4469640221318234
13597,1,0.4488465747841868
14160,1,0.4480442135931518
15889,1,0.4816938973005907
15696,1,0.4655488806914718
7318,1,0.5274856249618157
12766,1,0.4523061996224987
14555,1,0.4528227941063382
7865,1,0.5223887701532626
8001,1,0.4332374290807413
8793,1,0.4012882303418607
6076,1,0.4493668675621802
12978,1,0.4705585156217917
15440,1,0.4536232739248332
13862,1,0.4527511561119962
5024,1,0.4429038038209589
12837,1,0.5250520014904304
11180,1,0.5339471511721537
15699,1,0.4579707049342221
15498,1,0.4608258440548167
923,1,0.5655613684767293
7738,1,0.4483748605519167
7747,1,0.4881211420151076
15950,1,0.4440771987548156
14225,1,0.4645995279631338
12423,1,0.455744944782335
12800,1,0.443343261709643
3837,1,0.4219681027789759
8569,1,0.4470579921627919
11307,1,0.553242447301212
12293,1,0.4434301894881985
15596,1,0.4695817871019159
13232,1,0.4422093074575868
7301,1,0.436197143952913
8744,1,0.4905545600691524
12928,1,0.4666578264805404
11967,1,0.525345819004786
5498,1,0.4184239724897527
15558,1,0.4985452787398876
13237,1,0.413163777659023
7957,1,0.4804328624763087
13142,1,0.407609155874778
8058,1,0.4507715211797749
3637,1,0.4743919523799121
3926,1,0.445775534003359
8858,1,0.45660111374672
8576,1,0.4977621667158848
10461,1,0.5128085316597861
11787,1,0.4600693347461204
12569,1,0.500178733252681
11259,1,0.4614357377605465
5622,1,0.4483137611812409
12640,1,0.5080787253567806
4428,1,0.4956382894018498
15811,1,0.5209117318504012
3765,1,0.4866078280351453
5880,1,0.4538676158201941
3603,1,0.5085443457509219
14023,1,0.4171795849594146
15486,1,0.457532137047092
15152,1,0.4747918061719759
12251,1,0.4648389986753658
16146,1,0.4918738814670609
12241,1,0.5082308689965485
5742,1,0.466616032636967
11481,1,0.4407990712327961
14704,1,0.5271308744501341
7452,1,0.4686394172621323
12457,1,0.4991259405392945
10346,1,0.4685193518313791
4566,1,0.4492803207565973
8507,1,0.4756107564307004
4261,1,0.4136123110447542
8335,1,0.4569483110372943
8379,1,0.4308147308326323
15798,1,0.4568484762201088
12553,1,0.4400820944257394
4509,1,0.4264864200778958
14946,1,0.4374189928584506
4242,1,0.4603068101154691
14443,1,0.4565180757542705
12301,1,0.461940059587161
7129,1,0.460194995014513
5644,1,0.4546043892354411
7166,1,0.4197957434238971
5463,1,0.4503401086529929
12752,1,0.5318184155803032
5544,1,0.4636089339369965
6697,1,0.4391016125238058
6667,1,0.4158350858378255
14824,1,0.4215448465898263
7376,1,0.5052002140107097
9032,1,0.4860264548203997
12360,1,0.4685695586542023
8671,1,0.4501166435077897
14408,1,0.4732179356414182
6020,1,0.4658079461847577
15422,1,0.4523059521105818
3833,1,0.4410510110937689
11821,1,0.4222244234689807
5767,1,0.4044593994868432
4768,1,0.4700997351860918
10988,1,0.4485339133536143
6681,1,0.4855970052363924
7028,1,0.4366623049540811
8324,1,0.4398640430342563
15037,1,0.4243310877656889
13393,1,0.4378213929549528
4862,1,0.4552247498438979
6963,1,0.434673861528749
3416,1,0.4735370647018929
11139,1,0.4813521863612447
7042,1,0.4607653866216455
13177,1,0.4528258187267753
10365,1,0.5133263994116269
11159,1,0.4332204918876595
11869,1,0.4825833719062631
13647,1,0.462787374464706
15770,1,0.5057026690810089
4897,1,0.4598903590680363
10478,1,0.4682777381034143
12508,1,0.4260609152848624
14089,1,0.4481249330974363
10449,1,0.4727097611317696
12384,1,0.4277728862779426
3869,1,0.4353172220636746
15875,1,0.4859659898963512
15265,1,0.4647046757921617
13195,1,0.4729346936309031
8167,1,0.4641430960001463
6695,1,0.4848486364006678
5304,1,0.464512098680237
12856,1,0.5078640912942267
8867,1,0.4487525415225526
12025,1,0.4181673483978022
3771,1,0.4693296638797863
14034,1,0.4707127924727875
4678,1,0.4524655602199542
12103,1,0.4682774348614423
13322,1,0.4117391650309353
3867,1,0.4494358203315487
13318,1,0.423899970052339
4281,1,0.426272667818203
6260,1,0.4641803496986919
12695,1,0.4687747718821723
15775,1,0.4569847548214357
13276,1,0.45584643667433
15023,1,0.4224899957442175
13969,1,0.5014959676955741
8120,1,0.4813763730946978
12850,1,0.4522919706342193
12626,1,0.4560061974944179
12931,1,0.5114824356152168
12303,1,0.4702594974696875
10273,1,0.4783323553556526
14330,1,0.4902912325509322
4772,1,0.4494162898131519
1749,1,0.4847675211410041
15091,1,0.4229479625056581
14746,1,0.4262660498350737
15514,1,0.4603838207708567
13728,1,0.4693486580552997
13990,1,0.4384591190674028
15963,1,0.4816956232795619
13631,1,0.4490117629479483
5591,1,0.4972992663258804
15073,1,0.4957526077624854
11364,1,0.4879032978917424
6986,1,0.4662509627149153
3281,1,0.4239203226327124
8651,1,0.4277653990875993
13966,1,0.4935884451372527
10355,1,0.4319354657085556
14936,1,0.4521883683883754
5592,1,0.460677882308121
11070,1,0.4711115586777728
5950,1,0.4501798736121755
12948,1,0.4397397756131869
15502,1,0.4467100830997131
8347,1,0.4426065050001767
12741,1,0.4877421866083204
8476,1,0.4670991110984044
12276,1,0.4639812023366908
12692,1,0.4588219469214426
6553,1,0.4573405701763992
4272,1,0.4582948622146337
15225,1,0.4534933993363665
8308,1,0.4981927928345283
12403,1,0.4546037983954734
1825,1,0.4964686046475456
11782,1,0.4557106246191687
8781,1,0.466463051635443
13294,1,0.466420320803965
5301,1,0.4945917603815155
4990,1,0.4205600901099046
4159,1,0.4669372911622885
11184,1,0.4670486646570903
9097,1,0.4338833222089632
15546,1,0.4745577767554658
12512,1,0.4849890633732514
7269,1,0.4785471263538189
12258,1,0.4483099587196738
14353,1,0.5317093711486088
13850,1,0.4657299102505655
13172,1,0.4374383227928753
10952,1,0.5159775268845774
12549,1,0.5099720745318712
15633,1,0.4197689656649444
6836,1,0.4497384969253916
4840,1,0.4346763638659608
3643,1,0.5097266501702042
4461,1,0.4516807914479092
8588,1,0.435814905387581
14337,1,0.4311501843846397
11425,1,0.4216854254975929
4992,1,0.4550135445588475
12056,1,0.4757667291720857
3944,1,0.4680204240324259
15762,1,0.4548988568723502
16100,1,0.4786065577144751
13910,1,0.565960426606271
8922,1,0.4416806373801429
15090,1,0.5119949994619538
11575,1,0.4284500019391086
11858,1,0.4378085332063427
7754,1,0.474969955027011
15551,1,0.4926500759889041
10402,1,0.5198521993833288
15701,1,0.5095567304770223
14882,1,0.4783412049013906
4236,1,0.4535943127871605
12783,1,0.4796654503845571
12592,1,0.3907557790260584
7300,1,0.4519204490862019
8436,1,0.4623396946531333
12317,1,0.4799822139083222
15972,1,0.4768073416383036
3557,1,0.4797644309051601
14843,1,0.4225443331786045
4701,1,0.5203929765824464
3702,1,0.4281949022097265
10551,1,0.4829130155895539
12930,1,0.4401692807966426
13444,1,0.4338291800116211
11148,1,0.4991216158617424
16102,1,0.427223139958096
3694,1,0.4870046804620964
6505,1,0.4314860600632462
12404,1,0.5229075647307468
14489,1,0.441778762751989
6223,1,0.4143425520879777
5072,1,0.5022575565326381
16051,1,0.4254391698363383
6635,1,0.4731946499354917
5393,1,0.3890466051184517
11477,1,0.4387921647712807
3612,1,0.4341314669876482
11531,1,0.4036602539960947
8147,1,0.4740619854571967
10347,1,0.4652654413790155
12898,1,0.5210873042413515
6690,1,0.45493860076635
11043,1,0.4939563113197358
4910,1,0.4463821649111313
8149,1,0.5168086769172897
8770,1,0.4437994774771776
15630,1,0.3870488871993543
15314,1,0.4480256015995047
5302,1,0.4108482446722276
11803,1,0.4533433056087803
15748,1,0.4818708294461213
8848,1,0.4867884694123909
11669,1,0.4458848839876443
5834,1,0.4402357458436031
5417,1,0.4400612128988153
12018,1,0.4942015665758802
13388,1,0.4283374401847769
11140,1,0.5103742838447244
7276,1,0.4922222737194296
11982,1,0.4939795907147224
2797,1,0.4280426592064532
8336,1,0.4636037718759567
6678,1,0.514269369719741
15339,1,0.5380326162819524
5867,1,0.4583250854606737
12782,1,0.4840049586025151
12256,1,0.4909544575075104
8645,1,0.4227640942298454
12059,1,0.4746429685207813
11672,1,0.4817431286170752
13870,1,0.5051995388983167
14907,1,0.4898002008193846
11301,1,0.4997233294128235
11908,1,0.4161506565015012
15098,1,0.4836470421552035
12578,1,0.4657342752565327
13348,1,0.4559617471955028
13137,1,0.4936247213933107
8292,1,0.4377221453581187
7201,1,0.4169728364605494
15739,1,0.4967703972786273
16088,1,0.4276329115803842
13984,1,0.4670351870723829
15451,1,0.4565684133202365
10363,1,0.4749993876450575
15226,1,0.494764743377651
13721,1,0.4676802561769332
12488,1,0.4767084743127019
15864,1,0.4867413720170795
11878,1,0.473544695961169
11973,1,0.4133251705372713
12799,1,0.4475256350832974
13354,1,0.4571212909080259
13188,1,0.4724800071162578
8143,1,0.4638687349654637
8154,1,0.4601914318351438
14043,1,0.4298809331286085
12266,1,0.4839278356011817
12368,1,0.4470815012459603
6480,1,0.4250042435049505
6692,1,0.4489727308580664
8690,1,0.4492883509649668
6943,1,0.4859249249949836
13806,1,0.4285606335154451
11040,1,0.4553581029664287
7361,1,0.4438149229012799
12566,1,0.4266333686689272
8835,1,0.5156759225923793
3746,1,0.4705757919224363
15917,1,0.4802020312987621
2864,1,0.4205458155089484
7833,1,0.4843567236767461
10411,1,0.4771878015221765
16070,1,0.4501461270714127
16037,1,0.4952354593152797
8165,1,0.4195527698782134
5900,1,0.4497025655241737
13086,1,0.4504744882173379
13771,1,0.48892588434864
7228,1,0.4907115947108058
8984,1,0.3958262161940556
8729,1,0.4297949512755274
11462,1,0.451452349538837
11513,1,0.4436625184691409
5076,1,0.4887085767630335
16062,1,0.4367130197713244
12040,1,0.4293111105832359
15272,1,0.4445910119076112
6716,1,0.4980372017299994
7236,1,0.4456586001902628
3676,1,0.5032185639768865
12035,1,0.42657142826353
16085,1,0.4698491128226739
14827,1,0.4490409443378028
10201,1,0.4596318380543991
15904,1,0.4473908080320101
11778,1,0.4164744239750092
12028,1,0.3836745174822591
3785,1,0.4307960240664754
15980,1,0.4875614329674959
4865,1,0.4372341268936022
11771,1,0.5324514910744252
14248,1,0.4254002717786674
13945,1,0.4921462477410475
5634,1,0.4555498024977465
15823,1,0.4216516124151374
8291,1,0.5121193324096533
15967,1,0.461826355839521
11809,1,0.5207714073373062
15500,1,0.4066899155773201
13654,1,0.4978617746956687
7100,1,0.4931447750964814
3744,1,0.5042009886331436
14331,1,0.4516209735259814
4978,1,0.4713162987346895
4022,1,0.4640788247131605
5277,1,0.4548268571368951
3803,1,0.4569120106673918
8109,1,0.4840923781466616
6699,1,0.4597367084172016
14262,1,0.4812115449958881
14959,1,0.4732155347229624
3435,1,0.4678850376337428
12233,1,0.468634360267135
7262,1,0.4839593323628918
13062,1,0.4491555841479148
3794,1,0.4965084002155512
8121,1,0.4860084281428807
8371,1,0.4553448786326759
4627,1,0.4704829982828246
13839,1,0.4651984042382707
11934,1,0.4579331271849298
12147,1,0.4424717731621227
11823,1,0.4741477520686742
8076,1,0.4773901237861433
11511,1,0.476304049965307
15771,1,0.5064685395431197
14372,1,0.4907334036043012
4215,1,0.405275019241242
3519,1,0.4496486220824374
7370,1,0.453213556117185
12584,1,0.4538087875251391
7456,1,0.4391064134435448
15322,1,0.4986360162764631
7155,1,0.4536819820268616
14699,1,0.4635462881918183
1788,1,0.4831946297208952
15000,1,0.4707597448151048
8498,1,0.4749240705355872
11925,1,0.4214194191109954
5631,1,0.3930627541169895
4449,1,0.4788309270028198
13629,1,0.4403330243617264
4583,1,0.5013438615067735
7196,1,0.4499541072262014
3333,1,0.5065883415512551
3933,1,0.4591863649186795
11495,1,0.4407723535015998
14061,1,0.4266361012480271
13889,1,0.4827999406364086
15848,1,0.3735614378892485
13809,1,0.5188221729136121
6457,1,0.4502006538589523
4863,1,0.4465948493777468
14344,1,0.5239996830824522
8933,1,0.4712504772469801
10429,1,0.4486806938794925
13992,1,0.4877912325694977
14116,1,0.4384179518960817
13167,1,0.4301438750032202
15169,1,0.462520429705286
16093,1,0.4828739193296674
8700,1,0.4047998762628235
13454,1,0.4150812478624118
10392,1,0.4666776266882945
16050,1,0.451420992234018
8245,1,0.4811293582555854
6733,1,0.4770468708867564
11936,1,0.4138955664056367
15947,1,0.4681109539824762
8698,1,0.4862354850247785
11851,1,0.45692252812015
11927,1,0.4434599615087675
3484,1,0.4136953766993761
6579,1,0.4874102627200002
13855,1,0.4489417664583268
5607,1,0.4625387722372515
8610,1,0.4346243611451484
8957,1,0.4092590747656753
4407,1,0.4518541365088394
5992,1,0.4177610120813305
11794,1,0.4095492163198246
13857,1,0.4612008654207306
8655,1,0.4178732228528001
13886,1,0.4882548963777721
8496,1,0.4520618347595396
11687,1,0.4471751613402654
3898,1,0.4679481175257104
10558,1,0.4895114680060753
4812,1,0.4866487330789161
4818,1,0.4455532191099512
10262,1,0.5131827551130108
11387,1,0.4932951522725097
13786,1,0.4703031377751247
12731,1,0.5192345278692105
4191,1,0.472537799673756
14520,1,0.4538751943283773
11129,1,0.454409209458916
13967,1,0.4748190238516692
8829,1,0.4707560671725884
5500,1,0.4406720364111809
8612,1,0.4237166706485126
15036,1,0.4464420021184355
15660,1,0.4433901156496085
8607,1,0.4719674976024128
12261,1,0.4457076579596148
12558,1,0.4692284710587075
11278,1,0.5167910899822851
3627,1,0.4943354240689505
15679,1,0.4547275117432362
6826,1,0.4717622212667607
6749,1,0.4604303021292885
4585,1,0.4379486424553288
15818,1,0.4300307938283785
4120,1,0.4264223807379875
10153,1,0.499498374031122
15092,1,0.4395457153139446
11269,1,0.4797468185997525
8190,1,0.4483876129563247
14750,1,0.4581913530295491
4227,1,0.5020436639435064
15071,1,0.4429566247758644
13791,1,0.4829987337279073
10145,1,0.4666734919230466
11789,1,0.4323718406631435
11990,1,0.446716643122396
15256,1,0.4816824388315873
5922,1,0.4564186100320612
8061,1,0.4728332274114131
12585,1,0.4667753444572159
15392,1,0.4624242544906116
14051,1,0.4568394017944523
4744,1,0.4709586773695269
7954,1,0.4795641549552194
8748,1,0.4338326005378564
4529,1,0.4304896967798246
7982,1,0.4431542215003473
4221,1,0.4636807241233155
8367,1,0.4347177849815031
3915,1,0.4025587367629754
12865,1,0.4906968345669807
11903,1,0.4401458514665727
10325,1,0.4702673629045583
4370,1,0.4187852978387151
8647,1,0.4464811832673251
12655,1,0.4603198440486833
12437,1,0.4348639176950322
6247,1,0.4346829000514868
11230,1,0.5259794085707193
8927,1,0.4509171310941378
3331,1,0.4363004764081444
8819,1,0.4262107439065267
11463,1,0.4343129017782402
10271,1,0.4536020206707947
16097,1,0.4646498524304948
8663,1,0.4107881849385517
6317,1,0.4037303298479959
9006,1,0.4746672616853676
3310,1,0.4696951728421054
6741,1,0.4635571257385372
3703,1,0.456568126384525
10360,1,0.4745143192784866
16150,1,0.4426746538657267
6055,1,0.4559776194563475
12320,1,0.4616159733276553
11345,1,0.4735817639073202
15324,1,0.4228097352809737
15616,1,0.4195372061671258
3797,1,0.4438264658415867
8528,1,0.5011279298921103
7086,1,0.4744604908119108
13054,1,0.4543986376728809
13026,1,0.5214986105017304
15278,1,0.4841935476683573
14310,1,0.4863179955568729
13375,1,0.4928758501784623
9023,1,0.4482320767057157
15898,1,0.4656710365051556
7419,1,0.5299605917300372
16101,1,0.4690739535412738
3683,1,0.4125791256211768
3371,1,0.5051220629937695
15619,1,0.4319182919636857
15871,1,0.4708711338993006
10593,1,0.5080095619884193
12757,1,0.4756978428686371
13780,1,0.4398549548088707
15487,1,0.4690305527424388
15862,1,0.4246676194307374
13986,1,0.4478827533977735
15700,1,0.5197442682160778
13859,1,0.493490511008635
12325,1,0.4633547876079145
12790,1,0.4683477924095667
10589,1,0.4945222749497521
12354,1,0.4899224350191771
13092,1,0.4223560790636365
16043,1,0.4874265214645946
11755,1,0.5063668688621068
12020,1,0.4394325341466655
14856,1,0.4748658313049091
6938,1,0.471932375035526
4595,1,0.4532471428641067
8720,1,0.4763572846341523
15622,1,0.4388234869589915
14213,1,0.4674835163952943
11738,1,0.519659257374121
7958,1,0.4745156344493991
12335,1,0.4551084504942758
13273,1,0.4743500439690762
3751,1,0.5053601705526262
7099,1,0.4547659798166208
15994,1,0.4802242752795641
6628,1,0.4383001935150131
8472,1,0.5066212945218055
10190,1,0.5010555256582281
10253,1,0.4490540886721401
5829,1,0.4808224725349391
15201,1,0.4892693273771635
13931,1,0.4359403188569648
12911,1,0.4757130993138527
7816,1,0.4652501044793911
4776,1,0.4784200013334855
5265,1,0.4548475619170641
12203,1,0.540139244774183
6907,1,0.4163056599593612
16172,1,0.5020791070081949
15219,1,0.467652213763719
4804,1,0.4214478411093973
9075,1,0.5255992438552791
5907,1,0.4145147407753496
12859,1,0.47318441934174
15186,1,0.4384455289853994
4455,1,0.5223916805124613
3486,1,0.4687506407075588
13061,1,0.4752547671541023
8587,1,0.4646563376728394
13100,1,0.4925538716538777
6159,1,0.4113929286940171
8318,1,0.4296828775694613
8260,1,0.4460366478243494
3365,1,0.4650634786636058
15215,1,0.4764076671857699
8060,1,0.4435914326290402
15647,1,0.4388537791470455
13846,1,0.472817595691608
15154,1,0.4790029228863791
7288,1,0.4687034120850026
10144,1,0.5086427206149324
13423,1,0.4634110337251964
14158,1,0.4284441348735681
10457,1,0.4900143887768842
8168,1,0.4837169093044446
12173,1,0.5418560306519781
14530,1,0.4039642738671749
15262,1,0.4523717552692949
6908,1,0.4845096994437061
4576,1,0.4262054357905851
12106,1,0.4432898700310319
15652,1,0.4502750286747195
14733,1,0.4426874565927693
13200,1,0.4446695204715315
4269,1,0.4525006222839084
15703,1,0.4441215131612775
11163,1,0.5094894572646644
12421,1,0.4765706374530405
8575,1,0.4623716605827705
6985,1,0.4170524982339235
11245,1,0.4336713285297295
16170,1,0.4694574618394967
5537,1,0.4463546095553652
10316,1,0.5175426016993274
14329,1,0.419907759057673
15489,1,0.4974658358458643
12249,1,0.459203679603437
13692,1,0.4759613256673731
14001,1,0.4034334162810865
13831,1,0.4590434340785216
11837,1,0.446066930015565
6248,1,0.4487980773005986
4887,1,0.4758770591187697
3338,1,0.479684809922849
12607,1,0.4272842375146889
8908,1,0.4623140613082823
7764,1,0.4419249687488912
7286,1,0.4883713339279346
15931,1,0.4791157407044706
10548,1,0.4721429901278688
11931,1,0.4271910687458778
13398,1,0.4899612180013148
15476,1,0.4834428702490821
12588,1,0.4731394096464822
14129,1,0.4354531488105039
7139,1,0.5027761927459251
13203,1,0.4692360927749955
15934,1,0.4354380742300366
6623,1,0.4175860334750306
8509,1,0.4440476568566325
11905,1,0.4981169798431923
3816,1,0.4243532589979042
8722,1,0.4993693525125448
14931,1,0.4916245203966433
7363,1,0.4846384807723246
12768,1,0.4734800024613866
13009,1,0.460560519513335
3613,1,0.4750105781386212
12027,1,0.4371253561706578
11052,1,0.5127733620600831
3845,1,0.4368209166060642
10508,1,0.4489346513860671
14916,1,0.4971538285343773
12286,1,0.4664530229836412
11295,1,0.5171381203843928
13308,1,0.4764283865095755
6698,1,0.4734247185521215
11431,1,0.4227385266677952
14369,1,0.4510066270725066
15561,1,0.4700999133534692
13655,1,0.4414968835076075
10509,1,0.4809251782268218
11765,1,0.4169748979027007
14097,1,0.4583697301679995
15399,1,0.4625462661678881
11874,1,0.4987049825609483
7263,1,0.4968579784599191
14137,1,0.4796797276118719
15990,1,0.4733096299330356
11284,1,0.4654120290542846
7673,1,0.4599124836739192
8492,1,0.4542205537833023
5256,1,0.4243339081313725
5582,1,0.4856665753677716
2778,1,0.4470562927371257
9013,1,0.4603615107874837
16077,1,0.5049769848071468
10581,1,0.4458530907204456
11292,1,0.4989427860625624
3829,1,0.4350697914037822
7335,1,0.5150431025751135
8148,1,0.4856671200613467
11349,1,0.4653872288668561
11037,1,0.5104929717629839
12315,1,0.4360344477049001
8421,1,0.4827047172727016
3880,1,0.4406822207487644
13037,1,0.4642883087986498
15101,1,0.4577472338224794
11919,1,0.4450968284119953
12942,1,0.4368868065683794
12883,1,0.4250803953976496
6194,1,0.4577986026538939
13888,1,0.5273965864602416
10187,1,0.5134851438567759
14598,1,0.4671012918329282
13194,1,0.5056561558038786
4148,1,0.4188036609664764
11145,1,0.529631275281457
8795,1,0.4558918809380883
5855,1,0.461190797732836
11198,1,0.4443648420345494
4656,1,0.4315099400096805
10171,1,0.5371302984737925
11854,1,0.4517864213094399
12614,1,0.4836516069813474
13214,1,0.4098035936593231
11523,1,0.4589483516913091
5969,1,0.4457051500578997
14994,1,0.4361259926472845
11136,1,0.538080258587618
12792,1,0.485400726995261
14711,1,0.4747831616705408
16149,1,0.4207710875632269
13007,1,0.4589236014104084
11224,1,0.4517401541977381
15224,1,0.4150684127372746
15788,1,0.4385415307606339
13186,1,0.4868450668585431
10546,1,0.4479603101938281
8037,1,0.5090163778981318
15877,1,0.4637848445794367
11389,1,0.4327863699629489
7344,1,0.4243257107970999
5373,1,0.4236283174616729
4188,1,0.4651248815856965
11066,1,0.4181375586567338
15604,1,0.4714738052135493
8721,1,0.4224149075244306
11574,1,0.496910382461857
6892,1,0.5086960567421598
8358,1,0.5079041170488988
15019,1,0.411123235326905
11294,1,0.495915124482882
6655,1,0.5010485106738714
13258,1,0.5230115641246786
5398,1,0.4434484525745696
12845,1,0.4435052118366654
4552,1,0.4963410402868181
5312,1,0.4354736254829997
13938,1,0.4715062036978673
11525,1,0.4521027856436862
11764,1,0.4249505754433706
8125,1,0.4248117002550485
3942,1,0.4402847897885908
12387,1,0.5045985369693947
14909,1,0.4864085193915648
12686,1,0.4785924201667898
8525,1,0.4423188610986931
10251,1,0.4622205743432279
12043,1,0.4681463279990089
3457,1,0.4657671001002639
8584,1,0.448137786597978
4195,1,0.427030127885448
7951,1,0.5300097145341619
5307,1,0.4660171659725027
10148,1,0.5246589545535588
12228,1,0.4468701637487123
12214,1,0.4461157459573047
16016,1,0.5038436069635441
12559,1,0.4523390578426596
15782,1,0.5090107604889597
2839,1,0.4677690620723245
15400,1,0.4170216978183951
13241,1,0.4102736135878618
13359,1,0.4394230957517959
16058,1,0.4761397618208672
7995,1,0.4593864825242343
14739,1,0.4784116966252171
15158,1,0.4934342183774308
12188,1,0.4332608128435018
10462,1,0.4987266819696174
11654,1,0.4621422142212367
11219,1,0.4810683195826399
11510,1,0.4682549873496496
11678,1,0.4905223835124838
11324,1,0.5250214653026828
4966,1,0.4655059227228261
5662,1,0.4659333827539946
9088,1,0.4949568792784332
4474,1,0.4724589624576297
7268,1,0.4665602403804831
8243,1,0.4694659607760953
5481,1,0.423100460628279
3294,1,0.4427368215672869
15250,1,0.4388861874089805
15825,1,0.4693516325090902
11187,1,0.4902152089143149
14393,1,0.4489988331417707
6977,1,0.455965789461804
5327,1,0.4471186236364225
9096,1,0.5093058644663286
3943,1,0.4423003729927903
4943,1,0.4973786530665604
14830,1,0.487100859044229
13320,1,0.4782329725214533
10327,1,0.4377455747688683
8696,1,0.4908218010909817
15291,1,0.4770272126541067
11951,1,0.470929307574429
12612,1,0.4726530287600784
6945,1,0.4281226669691156
11593,1,0.4618972875142769
13264,1,0.4425470460684932
11486,1,0.4562854468878731
8304,1,0.4330994617464895
8747,1,0.4162359633452224
10440,1,0.4385276456046509
8843,1,0.4811529738253305
16152,1,0.4582454771693341
11741,1,0.5319958078932672
16148,1,0.4843300876910198
12135,1,0.4493857325731289
13049,1,0.4338391719888521
4540,1,0.4367489898740972
4775,1,0.4264426899995048
7283,1,0.4315826853185782
5241,1,0.4725888029627282
11315,1,0.4713291457247494
5488,1,0.4696387007144951
8676,1,0.4681917573667311
15544,1,0.4608908847067795
16069,1,0.437562316284469
12182,1,0.426989766732705
15966,1,0.49352401907457
12229,1,0.4651800830945789
13293,1,0.4680189500920473
8497,1,0.4409336341470057
11544,1,0.4788722935835516
5527,1,0.4970296574598712
5390,1,0.4306332026344118
5566,1,0.4850629089252796
7980,1,0.520184820730295
10417,1,0.4388340949364322
4669,1,0.4824128537588092
8766,1,0.4660796899758992
11885,1,0.4774366496178989
14957,1,0.4788028745958885
11632,1,0.4654461418580315
8520,1,0.5100350836623257
13101,1,0.4584066747467054
14108,1,0.4409737611143894
12687,1,0.5048863527019055
16142,1,0.4602817591425999
6444,1,0.4293227129061422
7887,1,0.4336320270206105
7748,1,0.5154049830482258
11795,1,0.3961586399270368
14459,1,0.4502187587082172
4859,1,0.4734797537572294
12893,1,0.5279716446759315
2798,1,0.4360092582102746
13366,1,0.5288848427224371
10571,1,0.4773072770627812
6452,1,0.45576181680353
10585,1,0.4611214746899386
7204,1,0.4428347186225513
5707,1,0.4747386777370771
3590,1,0.5005982182449011
14321,1,0.4541451550854302
13665,1,0.4568479257956724
8925,1,0.4931720864940738
8917,1,0.4658760535584703
11775,1,0.4769663404088202
13169,1,0.4357596693346054
13197,1,0.4366359036595271
11767,1,0.472564419463847
13489,1,0.4387888017809054
11142,1,0.504661369465353
13439,1,0.5141799549850828
15444,1,0.5119155400588442
13032,1,0.4797247834282797
12575,1,0.4861837207835996
10489,1,0.5130101426172482
10544,1,0.478746416164337
13222,1,0.4733438039278098
8267,1,0.4777844880655165
14884,1,0.4432799702150213
8311,1,0.415225476852165
7763,1,0.4479328872150038
15791,1,0.4769887136684305
8538,1,0.445292714104937
11590,1,0.4633265369403775
15167,1,0.4900630349786585
12144,1,0.4704800680816534
3968,1,0.4557566921216732
13432,1,0.4720484548584564
8023,1,0.524488532475604
11541,1,0.5087952676672336
6805,1,0.4423504387129093
8802,1,0.4207620754354506
11527,1,0.4653681005215063
6639,1,0.4340064137394833
11272,1,0.45777904965532
8816,1,0.4527787543045842
12333,1,0.4615602792814094
8238,1,0.516523974416634
8063,1,0.4487104849596306
16162,1,0.4380451923601348
4190,1,0.4487529977201156
8217,1,0.4561506677234783
12011,1,0.4576135284940923
5458,1,0.3986288764507173
11121,1,0.4230351471120017
11461,1,0.5160642857052697
8978,1,0.5098199128589422
5553,1,0.4368240458826057
15496,1,0.4559270722953726
11657,1,0.4628164713487647
14386,1,0.4807460688446571
11236,1,0.452983483886671
10992,1,0.4935187217266263
7646,1,0.4451008487715643
12498,1,0.4284833255915231
13071,1,0.4245841577437749
11838,1,0.4310768101336424
15651,1,0.4596342414851996
8771,1,0.4404589657477987
14065,1,0.4417658223619483
11943,1,0.4453641082107145
12262,1,0.447204771078346
8176,1,0.4171472643895431
11209,1,0.5086026697267423
5977,1,0.4655360228113019
15412,1,0.4422825612162029
3556,1,0.5010325984060848
5988,1,0.4812684169978963
4106,1,0.5006725884181566
16110,1,0.4678742259051903
12943,1,0.498203398472501
5690,1,0.4643151965671229
14247,1,0.4468165210444695
11808,1,0.4285061354016506
14826,1,0.4602367184372865
15645,1,0.4590444643783443
14880,1,0.5032352663132421
13989,1,0.4485293466250153
14860,1,0.5123607396230805
11226,1,0.4442372686550301
5317,1,0.5068820666340282
4368,1,0.4406450343298284
11891,1,0.4994285290159505
6976,1,0.4394439417878789
15012,1,0.5073281206232847
6597,1,0.4737774655897246
12343,1,0.4918045555212076
4736,1,0.4318006823348781
10470,1,0.4483140731951977
12231,1,0.4289834556835198
4157,1,0.4327635211118362
13156,1,0.4703214444828859
13758,1,0.4913871910322034
5953,1,0.4546194702595776
14519,1,0.4367060093158347
8122,1,0.4568206697950438
12078,1,0.499207342442894
11428,1,0.4415930859145784
3996,1,0.4573705875413735
15721,1,0.4771448146350314
12452,1,0.437012171014065
5539,1,0.4595266304210005
7642,1,0.435117339888533
7972,1,0.476667467168924
14242,1,0.4542253982371951
12066,1,0.4447180401318386
13765,1,0.4441097219488131
15935,1,0.4794898367034167
12742,1,0.4513392762715821
12407,1,0.4596684796253615
3323,1,0.4429716811530838
15921,1,0.4718068946718668
10395,1,0.4318336888908006
6726,1,0.4636935818711434
6822,1,0.4417219916787748
6226,1,0.4388809161251126
11840,1,0.4445123090094185
16116,1,0.5180369611357323
14071,1,0.4369142320389115
6477,1,0.4568551516304582
12148,1,0.4192011908629898
13881,1,0.4522958664239617
3949,1,0.4357199948016902
12720,1,0.5150074163808763
13075,1,0.4796546688533605
3998,1,0.4732097883651104
15063,1,0.4801070583182612
15712,1,0.4159228152128837
5283,1,0.4345464975130085
12957,1,0.5137043936130049
6669,1,0.4770701454731214
11660,1,0.4184161703734009
12415,1,0.4733528927891274
7280,1,0.4779060339067307
7260,1,0.4909070362987343
15851,1,0.4605772796569422
13140,1,0.4496531869070527
8849,1,0.4610513491808283
12542,1,0.4900087233606441
6162,1,0.4476264177565071
11757,1,0.4664706939313657
12480,1,0.4372505518153574
15807,1,0.4863225070284647
14265,1,0.470184246247586
14428,1,0.4729624429227334
8080,1,0.5087555811175571
6948,1,0.4604902824172417
14469,1,0.4267918384913343
14000,1,0.4442584281942764
8595,1,0.4546521469107659
8541,1,0.5330494349822841
1777,1,0.415570866599302
8876,1,0.4131551344904057
8944,1,0.4412621743441142
4716,1,0.4695984482145123
7338,1,0.4238989701887106
8320,1,0.4677369150244222
13939,1,0.4368458467008054
12952,1,0.5322489058645921
12734,1,0.4705349254556956
12426,1,0.4736730900963377
14899,1,0.5150527467889723
15588,1,0.4743895539639914
11303,1,0.4905326600794384
5208,1,0.4585875173278896
14275,1,0.4646748053314652
5610,1,0.4726668553017226
12432,1,0.4532755591769482
12022,1,0.4420148728804388
11300,1,0.5068948610261546
8814,1,0.4794283569378932
15231,1,0.5009149388764057
11887,1,0.485879592359297
6984,1,0.4560856104964586
14209,1,0.4146249754725867
12923,1,0.4345805635205083
4212,1,0.5017311085355448
16024,1,0.4678916689284446
15552,1,0.4493641284259685
12621,1,0.5124130168543918
8968,1,0.4730019254800798
8094,1,0.4932098440439276
7578,1,0.5073594347096293
14030,1,0.4531117030184587
6049,1,0.4579299565055441
15179,1,0.4604280254469689
4160,1,0.4476675163889269
13925,1,0.4857131687758892
6917,1,0.4536046854172377
13658,1,0.4394919114344761
11028,1,0.4257121676924321
5840,1,0.4774303155744955
13448,1,0.4741483636503584
8953,1,0.4272901173158906
14442,1,0.456351339089965
14339,1,0.4883256186770776
3455,1,0.475794167994502
8398,1,0.4599148681954282
12756,1,0.4493193979684662
7968,1,0.4139876845750382
7418,1,0.4792845868897296
12332,1,0.4242011906326027
7851,1,0.4601642328870636
10445,1,0.5029103552192576
7780,1,0.468059940340871
3328,1,0.4857352840788552
8619,1,0.4600912473148778
13038,1,0.4659909085123242
8252,1,0.4558101906790953
8242,1,0.4550221306642831
5550,1,0.5059436122048245
13845,1,0.4577087140203921
6990,1,0.3947740811407275
3501,1,0.4835923574366303
8211,1,0.475689558370781
14064,1,0.4189476723557641
12472,1,0.483460105366493
6598,1,0.512080316886616
13136,1,0.5104142232363722
15529,1,0.4563023849512254
8181,1,0.4774648213875664
4002,1,0.4799792956419732
13632,1,0.4501869135166764
15693,1,0.4626220444914953
4276,1,0.4527145907479585
3583,1,0.4576104660532309
11770,1,0.4777734110576251
8113,1,0.4824541434483684
8481,1,0.4790965221240757
13415,1,0.4639523609163571
12770,1,0.486304607432418
4477,1,0.4576535103884632
4717,1,0.4726419892443427
7818,1,0.4583069739482497
15504,1,0.48078959124848
12470,1,0.4842341228173337
7819,1,0.4518608348880901
10437,1,0.4749013431544707
13841,1,0.4587859769026433
15912,1,0.5235261765009785
13374,1,0.4252250930198702
15686,1,0.4091191312959749
13220,1,0.4610014381434929
7965,1,0.5173838355354007
13223,1,0.4511146759962352
11779,1,0.4767890521100548
3913,1,0.4905053927431794
4688,1,0.4458407661865366
14084,1,0.468916999820378
7940,1,0.4875387238226075
5618,1,0.4534895727684113
14524,1,0.4725435874964365
12880,1,0.4781855189508434
6212,1,0.4274268954537242
12004,1,0.434266021552046
10348,1,0.4159565409928659
13392,1,0.4818216638348788
15710,1,0.4613889618572412
7169,1,0.5032826356039901
3460,1,0.4552621663016397
7043,1,0.473187735771061
13802,1,0.4780068530957457
3931,1,0.4274961327072794
12208,1,0.5078245824119989
8110,1,0.4347989079112222
13935,1,0.4493244948419688
6851,1,0.4598225952133922
8931,1,0.4564414825860802
13162,1,0.4626197957842038
11034,1,0.4261525403053776
12659,1,0.4382295174518295
12506,1,0.4356189696893727
13319,1,0.5033466124380858
5325,1,0.3918351812681257
11633,1,0.4924254879384868
10236,1,0.468190059396214
14425,1,0.4536526771384275
10506,1,0.4450432876763497
16039,1,0.4530912448509496
8916,1,0.4487720421015224
11285,1,0.5001785044812946
11152,1,0.5320633903898098
8089,1,0.4553107092685906
11258,1,0.386485086975995
5005,1,0.4688530330537476
9044,1,0.4567202279555533
15639,1,0.4242179794612562
13468,1,0.4621315872413085
6466,1,0.4870949364589925
10396,1,0.4973944149497087
8859,1,0.4760443367266754
11232,1,0.4357660711317878
3893,1,0.4691158871784718
5383,1,0.4622618098409633
3982,1,0.486005310118994
15416,1,0.5104551548848604
8474,1,0.4358212178698798
8535,1,0.4477020861907412
11325,1,0.4852591583118592
13234,1,0.4443904723538525
12465,1,0.4272732660830781
13434,1,0.4471941188157384
12544,1,0.4495534662288228
15107,1,0.4581602879833302
12534,1,0.5049992789185648
11266,1,0.4602692964678513
4762,1,0.4551078716560987
11571,1,0.4658262485039185
14113,1,0.4261390795263003
4268,1,0.4671621722888136
14881,1,0.4777358327836931
8631,1,0.4771750978291267
11628,1,0.5152220971327818
4251,1,0.4557876785690729
11673,1,0.4703707404219855
13427,1,0.4375669792903564
6710,1,0.4664728992072999
12560,1,0.5155269662351137
13068,1,0.5083366297745253
12527,1,0.4991705399647675
16092,1,0.4485787942252845
4858,1,0.4507470514854713
13900,1,0.4928319989006284
5408,1,0.4057566085422799
8034,1,0.4968724749386335
3674,1,0.4799795441173158
12529,1,0.4409013855510048
11538,1,0.476425810713905
11992,1,0.4677038297486933
10391,1,0.4879538729992895
8416,1,0.4795609133290837
8649,1,0.4873547036300917
8041,1,0.4632356496169564
5292,1,0.4711247932461161
9068,1,0.4727805673933344
16138,1,0.4577027856009291
12613,1,0.3936728608710762
11853,1,0.4329710816535654
15516,1,0.439705638913866
11410,1,0.4494196761842572
15140,1,0.451676587295657
11207,1,0.5026296932130114
3606,1,0.4001167652574568
10255,1,0.4900757493749335
14947,1,0.4869291368963629
6631,1,0.4411529954244122
4194,1,0.439861586420042
7941,1,0.4981979679855969
15135,1,0.4410797564395533
4546,1,0.4424721934842037
16063,1,0.5101312739407503
5864,1,0.446728872428599
10191,1,0.4656211357731768
16122,1,0.463109304973416
4009,1,0.4189723389812888
4914,1,0.4576094912056147
12875,1,0.476819453990062
13316,1,0.4864809755207844
4001,1,0.4980845316311617
5626,1,0.4655155464719883
11086,1,0.4625221462659509
14967,1,0.4429833389364827
5859,1,0.463789045611037
8028,1,0.4679709129882056
14501,1,0.478002647603473
15161,1,0.4233812587886991
14335,1,0.4336353685908288
6857,1,0.413097987740272
1769,1,0.4527172812198075
6500,1,0.4789692310235999
6088,1,0.4311756881459068
4790,1,0.4408631985722303
14177,1,0.4898916586884293
4378,1,0.4172743076790066
13617,1,0.4382417824088094
13717,1,0.4617085065719942
3742,1,0.5001809342315849
11618,1,0.4711179950935041
4581,1,0.4381314858995249
12012,1,0.4511368080921301
12323,1,0.4568255374802075
16133,1,0.439094998337748
12450,1,0.470770946643363
15153,1,0.4592582673248972
10607,1,0.4545934293415624
9073,1,0.4698975223789791
12740,1,0.4459991180781167
13652,1,0.3893028019386199
4939,1,0.4128383199435514
15682,1,0.456457799009248
15537,1,0.4704643605532773
11081,1,0.4980076773576818
5401,1,0.4999869201441126
15623,1,0.5163498711344154
4054,1,0.418750443779342
15892,1,0.4339279105776458
15237,1,0.4560549500329546
8127,1,0.4968909900293939
4482,1,0.4197856055523903
12236,1,0.4543548613552284
3394,1,0.4561375177448381
3558,1,0.4519873816772778
16171,1,0.4510530481268938
12362,1,0.4990041112209171
14053,1,0.4746905182137292
11900,1,0.524532319430863
11626,1,0.5139541168429781
11141,1,0.4867333651940795
15311,1,0.5321491086271322
15706,1,0.4435395414108871
11721,1,0.4996612114293707
16080,1,0.506988448565229
11143,1,0.4973585663854248
12929,1,0.5140307722223202
13384,1,0.428758050708421
12023,1,0.4326238406568276
7309,1,0.5183737264696409
12244,1,0.4262778741209714
5243,1,0.4183592602235049
15684,1,0.5146590385274437
8746,1,0.4386387575945035
15855,1,0.4197360537809897
3752,1,0.4941025296524942
5943,1,0.4464212248659067
13244,1,0.4597140098464384
14900,1,0.4804608244965713
11320,1,0.5323340905039325
14486,1,0.4364340667352444
12050,1,0.4363261868312225
15485,1,0.4287714979437873
8724,1,0.4815065140478376
13821,1,0.527115683640585
15286,1,0.4838815085343372
12242,1,0.4280576973493488
15460,1,0.4513388586816935
8153,1,0.4224678968274437
11276,1,0.4712681831142496
3900,1,0.4391800878138451
3292,1,0.4625744371099871
7258,1,0.440747395474894
4313,1,0.4339509914973345
5191,1,0.4609830898114888
15987,1,0.4823046050229491
15418,1,0.4723339149224449
12945,1,0.4760605511173239
15562,1,0.5261489227111015
12804,1,0.5107759194660119
14512,1,0.4711522883011467
10310,1,0.434153351187221
13781,1,0.4387565378172901
8012,1,0.4848900565737974
4836,1,0.4497738393770947
4264,1,0.432308008443083
8701,1,0.4421290043688533
13305,1,0.45396152404974
11165,1,0.5096885618956776
15354,1,0.4445918487616374
4189,1,0.464979321114897
14590,1,0.4697568454793388
9054,1,0.460326027497976
7146,1,0.4406646391048717
5242,1,0.4529116051829849
4807,1,0.4618775669797016
14256,1,0.4671856319887187
13246,1,0.4165932580235518
7242,1,0.4475104068732684
14406,1,0.4407223062824634
16190,1,0.4447931512611872
10412,1,0.4224922456203991
16008,1,0.4368895296935186
5997,1,0.4272181937315163
13152,1,0.429547954664384
11211,1,0.4578716250886598
15249,1,0.4735531788180719
11864,1,0.4856004304893974
8643,1,0.4484079563115193
8334,1,0.469222491547173
15044,1,0.476787213930899
14104,1,0.4411049533251084
3319,1,0.4701712920580476
14049,1,0.4412377993251377
1785,1,0.4426083428346595
11924,1,0.4459219585873044
8711,1,0.5009923288148994
6878,1,0.4230339649009999
9059,1,0.5160426008753136
12772,1,0.4390938861021474
7279,1,0.4403816758633969
13056,1,0.4397395900490282
6578,1,0.4081014276400119
15467,1,0.5119082472754166
13926,1,0.4172326188455936
14864,1,0.4973653560778624
5807,1,0.4450473148076942
8493,1,0.4754943016808412
14737,1,0.4601080435573279
15247,1,0.4561155048414008
11536,1,0.4929799866035051
6637,1,0.4759024257820832
15936,1,0.475571402253077
13420,1,0.4734640665074583
6757,1,0.4789006958318053
12514,1,0.4272484387097627
12897,1,0.4603782185319822
5692,1,0.4451703063126663
13313,1,0.4651406398243547
5608,1,0.4486290706342578
14960,1,0.455374174073821
11834,1,0.4559172280234187
15221,1,0.4883826411054664
16131,1,0.5291447658815893
6561,1,0.4656101247301856
6671,1,0.4657800900885671
15146,1,0.467862460679311
14542,1,0.4168076793680725
12552,1,0.487962344192975
8026,1,0.448935950031341
4673,1,0.4716611203110475
13699,1,0.4194293819359885
16025,1,0.428823520247936
3922,1,0.4505118342964116
6924,1,0.4923145120603439
11451,1,0.5013472676541376
7973,1,0.4680892282725025
4991,1,0.4307785656758943
8392,1,0.4405680338294044
6937,1,0.464277455273904
13146,1,0.4533256105321323
11970,1,0.4642672943934587
5210,1,0.4438638011810238
8164,1,0.455010476600877
6979,1,0.4470462493738204
5570,1,0.4451052746593056
4563,1,0.4778460003035071
15360,1,0.4519875788111124
15538,1,0.4696875999246918
11365,1,0.468975927237635
14098,1,0.4937921719844637
16066,1,0.4973885479650717
8998,1,0.4444080080674241
14758,1,0.4651971580019107
7975,1,0.44432180050812
11221,1,0.4373865008698361
3960,1,0.4591495897301103
8679,1,0.411632869530711
11275,1,0.4512679893006507
5232,1,0.4311935195508162
11540,1,0.4606934734712002
13882,1,0.4587715286749498
4475,1,0.4242821555166707
7156,1,0.4737525341182456
15640,1,0.4661408364106352
4961,1,0.4564942858279939
13803,1,0.4360761249868795
12700,1,0.4918061386763395
15284,1,0.462896887400495
15280,1,0.4010540695220012
12954,1,0.4414926780342096
7760,1,0.4563200489673765
9083,1,0.4624640093838167
13451,1,0.5183007654836811
15453,1,0.4669430916430858
16072,1,0.4831700290106042
12448,1,0.4762133751574907
8062,1,0.4753949023174282
12504,1,0.4673147832864245
15841,1,0.4881688164583553
14162,1,0.4556152497923418
11455,1,0.4371254492386069
10929,1,0.4019521679559616
8779,1,0.4939390326431189
15238,1,0.4809925887938022
11625,1,0.4828305963555565
15626,1,0.4731751591078671
11859,1,0.4470584210304846
14249,1,0.4315282048139102
7384,1,0.4681752016858277
15824,1,0.4949602037536224
16046,1,0.4732946805293146
15816,1,0.4587190449152977
9065,1,0.4623009196213495
14507,1,0.4695153500150172
4573,1,0.4589519672353319
6663,1,0.4890979446292294
12955,1,0.5229138831344939
7788,1,0.4456016665558509
8042,1,0.4424168038662174
1838,1,0.4754049712436548
6881,1,0.5129072007481891
6909,1,0.4637960550444197
12899,1,0.4921395295181427
8349,1,0.4628244214007283
8703,1,0.4774311540517968
2774,1,0.4653209004720691
8562,1,0.4883834494477058
12599,1,0.4376434354066152
3628,1,0.4409753448578876
8172,1,0.4645757986696813
12285,1,0.4755343524307645
15426,1,0.4676867696892974
12808,1,0.478358714307133
12842,1,0.4432089506291159
8892,1,0.5119338645883496
8068,1,0.5042983421367335
8249,1,0.4678441714937578
11108,1,0.4813946493616529
5070,1,0.4665378211068924
13178,1,0.443249147622264
11302,1,0.5198447031604594
6601,1,0.4734093419990511
5947,1,0.4406743866376567
3607,1,0.4277257824727448
1087,1,0.523102461526692
13401,1,0.416255425281116
14495,1,0.4614293658086406
6269,1,0.4620353218355026
12308,1,0.4272024693280064
8786,1,0.4853055396286423
10344,1,0.4892544798271206
11048,1,0.5187375269368348
7124,1,0.4513815755496566
8665,1,0.5058541002918483
12390,1,0.4590998762053954
2828,1,0.4866219097544206
15962,1,0.4760245945121445
11042,1,0.5377118568999125
16091,1,0.4253066779049843
16106,1,0.449563347108266
12965,1,0.4450107154276499
6168,1,0.4785903279998779
15377,1,0.4922439240001259
8283,1,0.5047030712557705
14422,1,0.4348733238940527
12513,1,0.4817175246111313
8813,1,0.5414556655546275
8784,1,0.4677506217618943
5921,1,0.4293731018950711
11866,1,0.4694835164529461
10555,1,0.4850924445837162
7246,1,0.49170894037803
14744,1,0.424753533083329
8124,1,0.4478161944231171
8522,1,0.4905931334077981
6086,1,0.4682943717437912
12438,1,0.4581518288697602
12477,1,0.5019491281150507
11504,1,0.4654900467624921
13212,1,0.4130369488169251
16079,1,0.4806731241334018
11784,1,0.4813696033931437
6827,1,0.4519368687751545
4332,1,0.4633279201559447
15752,1,0.4762192612119317
5652,1,0.4341401664353975
4491,1,0.4349798865206313
3956,1,0.5118933700959223
15809,1,0.4737110185212667
3566,1,0.4663388830221953
14082,1,0.4713718880832626
11306,1,0.4589212837807375
13158,1,0.459888965061465
7558,1,0.4576180816952893
11341,1,0.4710193318926222
15335,1,0.4502324875278151
4147,1,0.4658164903234335
12337,1,0.4561848856348584
3886,1,0.4986991578296488
12260,1,0.4587065085084124
16194,1,0.4670624268397361
10332,1,0.4930591681319204
3897,1,0.4604184228712419
5633,1,0.4943751288126335
16129,1,0.5016352878481163
3830,1,0.4298110343331942
15767,1,0.489567759821447
4641,1,0.5225663521973282
11305,1,0.5295347684404983
14912,1,0.3921802385889381
13154,1,0.4388879252793373
6124,1,0.4657331489620248
11051,1,0.4917937123745527
16125,1,0.4700489713035588
16089,1,0.4296316769026291
10404,1,0.523812675055929
13297,1,0.504178388265292
3841,1,0.4590729568597698
12322,1,0.5276372122937246
4901,1,0.4615329203833607
5815,1,0.4384018643853287
4007,1,0.4773114286917707
7360,1,0.4313592667072872
8478,1,0.4661513916872308
16000,1,0.5062607193005537
1771,1,0.4980031615523637
15180,1,0.453619249975672
13402,1,0.4224980784551082
14222,1,0.430274617598492
4217,1,0.4417558971049334
3666,1,0.5042026419761828
7762,1,0.4864068671617477
12467,1,0.5298978336227864
7327,1,0.50407247688187
16002,1,0.4568775082727821
7677,1,0.4473307332258223
14371,1,0.4386276061697114
5308,1,0.4109691599300933
8526,1,0.4633393882161492
4346,1,0.491583093636988
6704,1,0.5009603978265076
12255,1,0.4540698534106935
12848,1,0.4784465222878498
13687,1,0.4733774262813527
5737,1,0.437965180097585
6175,1,0.4960224010371346
8623,1,0.4329324588122459
3528,1,0.5278281677616774
5380,1,0.4294190106351108
4133,1,0.4469818687484216
4304,1,0.4522271959704688
13879,1,0.4978330885937144
10431,1,0.4375987212401125
15425,1,0.4856193929442071
5677,1,0.4594420882339355
7115,1,0.4539245417346422
12791,1,0.459133611615551
15060,1,0.4462954760996967
8706,1,0.4357074751710534
15615,1,0.4894456314006026
14804,1,0.4246649479492467
7314,1,0.4554001667859385
7874,1,0.4231302254579289
16105,1,0.4496504584490184
12257,1,0.4681490012778184
8606,1,0.4198684608183546
10263,1,0.468460023778173
15389,1,0.4602996028808316
4142,1,0.4203543716417242
3758,1,0.4953925941396435
8150,1,0.4605929059459693
14763,1,0.5052189834373327
16014,1,0.512352761605463
12698,1,0.421600468468631
12482,1,0.4444027466341684
12940,1,0.4818696042777004
12002,1,0.4239103586870014
3366,1,0.5045564757500292
16119,1,0.4702457058168675
3630,1,0.4127443775619982
3410,1,0.4213529287777972
13471,1,0.4624721784266182
16151,1,0.43207498881517
13383,1,0.4973689042789703
12892,1,0.4771054192602666
12574,1,0.4431556702106172
12959,1,0.535811604913154
14060,1,0.4931302621738299
13688,1,0.4847021795878313
13953,1,0.4383535133561055
14993,1,0.4306141453597252
7116,1,0.4802339533680587
13118,1,0.4098537894213163
11529,1,0.4459131750109225
8629,1,0.4355693262357766
14938,1,0.5328494462008606
11810,1,0.5272322345391787
4659,1,0.4476244335533544
13208,1,0.4565328122758302
14039,1,0.4414720568216004
10309,1,0.423671997610071
14342,1,0.461404119989337
14886,1,0.4500440316320944
15408,1,0.4220355408729325
12999,1,0.4711349840448753
4366,1,0.4770018783254997
5871,1,0.4468464379402471
12779,1,0.4841251817732687
3358,1,0.4756690828771088
8142,1,0.4607740598430991
14283,1,0.4789286122664342
15644,1,0.4817478593452599
12806,1,0.4531093049182648
11350,1,0.4676180886458144
13153,1,0.4310973534109589
3575,1,0.4263409347910989
1819,1,0.4334314697903634
13005,1,0.5026094003114396
12815,1,0.468067342963339
5623,1,0.4278120549849696
8277,1,0.4613257497083646
10497,1,0.4740281787213099
14649,1,0.5036920043136573
8792,1,0.4120850727885276
5646,1,0.397524066978615
9053,1,0.4599988452086623
4574,1,0.4601188449751169
11313,1,0.5342338057221189
13126,1,0.4731549184024958
11980,1,0.4651244595727285
5300,1,0.4623726344312857
3621,1,0.4173202026925582
5754,1,0.4438938008015415
14241,1,0.5097476958663039
15380,1,0.4262837666916041
12864,1,0.5232920716576183
8846,1,0.445887159125478
5224,1,0.433925167395264
8314,1,0.4143857237884981
9029,1,0.4469701041159821
13340,1,0.4572937569354453
14044,1,0.4531871560509991
8248,1,0.4898341460755235
11459,1,0.4584042842388178
11655,1,0.413629490650429
15359,1,0.4998203467762501
12639,1,0.4584244466124513
14284,1,0.4451637711638694
4541,1,0.4847675224761196
11342,1,0.4514223210402134
12489,1,0.4465416646809002
8079,1,0.4579384874563698
14883,1,0.4751658428727976
8082,1,0.4637451360064157
3812,1,0.4230344247831503
4809,1,0.4207464198623997
12547,1,0.449984638627047
5772,1,0.4415384441343334
15261,1,0.4516588968141692
11501,1,0.4619282115237893
5246,1,0.4416845111218218
8081,1,0.4529290237187886
8279,1,0.4750119282835382
12723,1,0.4629615890229564
14085,1,0.495884391313053
15690,1,0.4547092665594384
6634,1,0.4262085299090558
14889,1,0.4362691410164338
8054,1,0.489515394641295
14140,1,0.4789779761038968
15933,1,0.4760166962856543
11948,1,0.4846068485569196
15120,1,0.4421048914578288
14414,1,0.4562607175060086
14086,1,0.4819591495657348
5655,1,0.4237888752744006
15216,1,0.4448172592828676
5850,1,0.4682366579476933
11126,1,0.4231868934024193
12796,1,0.4767392435317835
4789,1,0.4349835766204331
3316,1,0.4899834558016167
8090,1,0.4528069914306167
14529,1,0.4490297321462812
6666,1,0.4453176239632865
15621,1,0.4106624951972187
15580,1,0.454264752746356
5932,1,0.4250862543414055
4121,1,0.4867216009396092
11346,1,0.44466263058086
11251,1,0.4717734558318633
6737,1,0.4949971284975253
6163,1,0.4427466286094436
6648,1,0.458020990330406
12453,1,0.4671056636905102
3664,1,0.455598124427047
3614,1,0.4979633464853147
8628,1,0.5035072054730529
4568,1,0.4463816385545327
12485,1,0.4525297015374993
8103,1,0.5106546979387004
7311,1,0.4863277142243718
14522,1,0.4052816409265039
8065,1,0.4791519407632776
14868,1,0.4818359522862357
4118,1,0.4595266677880881
10368,1,0.4306367935362821
12393,1,0.4912689757585665
15269,1,0.4807334527826132
11264,1,0.5073214425623043
10539,1,0.5188924375409992
4013,1,0.4875424604232047
6188,1,0.4248157839614986
7797,1,0.4875398480996723
15976,1,0.4572597975087925
12794,1,0.4376003174466836
11548,1,0.4606909688116262
11737,1,0.4251767658746881
13899,1,0.4923669346810796
8553,1,0.4053619064441502
5942,1,0.4066753012229881
6045,1,0.4810553388414493
2829,1,0.4352265191001779
11058,1,0.521797933734166
15016,1,0.4934953272043194
13256,1,0.4603415853663324
9030,1,0.5097226610846541
11623,1,0.4953212406987394
15736,1,0.4830655889636654
6920,1,0.44145341630128
14040,1,0.4643138555878332
13250,1,0.4971451011660297
8300,1,0.4677285141241958
12719,1,0.5435832317952424
5914,1,0.4601279056721731
15257,1,0.4819765804933249
3941,1,0.4969459012419659
15194,1,0.450665061405966
4485,1,0.4445702316984102
12017,1,0.4555892761682342
11429,1,0.4545963287014241
5720,1,0.4907347471325626
6780,1,0.4578947278999957
13832,1,0.418366995520416
11843,1,0.4390603686039765
6925,1,0.4678222164501467
15698,1,0.486495326989129
12941,1,0.4241430218399941
4116,1,0.4534541254206118
12618,1,0.4912354420529592
8262,1,0.4908233253238619
9106,1,0.4304681247619685
7257,1,0.5126327927980501
14203,1,0.4531627253936699
4153,1,0.4848710028923874
3570,1,0.4341135901597408
13943,1,0.4977699208805373
7307,1,0.5165838053750097
6261,1,0.4558284787130995
6841,1,0.4518253650048505
14397,1,0.465237519290912
11724,1,0.4912689091229029
5530,1,0.4990311213256703
6957,1,0.4174890840305868
16028,1,0.4847960442126826
14781,1,0.4711933052132582
13962,1,0.4640698728514508
15268,1,0.4413782317489089
10586,1,0.4340534504333511
15777,1,0.4404739254694049
7808,1,0.5181250130414731
11229,1,0.435290791463284
1796,1,0.4306798247568472
15754,1,0.4785443702758716
14052,1,0.4879303076658765
13858,1,0.4751688678941001
14923,1,0.4927572809316265
6516,1,0.4310569591246107
15415,1,0.4429850219999126
6709,1,0.4891840926126642
12843,1,0.4563430834213688
12206,1,0.5022710046677195
14724,1,0.4629329108668724
